Descrição,Fármaco,Dosagem,Forma Farmacêutica,Apresentação,Nomes Técnicos / Sinônimos
AAS 100 MG INF C/500 CPR,AAS,100 MG,COMPRIMIDO,,ÁCIDO ACETILSALICÍLICO
ABIRATERONA 250MG C/120 CPR (G),ABIRATERONA,250MG,COMPRIMIDO,,
ABSOR. HOSPIT. TAM. UNICO PCT 20 UND,ABSOR HOSPIT TAM UNICO PCT,,,,
ABSORVENTE DEFINITY C/ABAS PCT/08 UND,ABSORVENTE DEFINITY,,,,
ABSORVENTE HOSPITALAR PCT/20 FD 160,ABSORVENTE HOSPITALAR,,,,
ABSORVENTE NAT S/ABAS PCT 8 UND,ABSORVENTE NAT /ABAS PCT,,,,
ABSORVENTE NATURALMENTE C/ABAS PCT 8 FD 480,ABSORVENTE NATURALMENTE,,,,
ACEBROFILINA 10MG/ML XPE AD 120ML (G),ACEBROFILINA,10MG/ML,XAROPE,120ML,
ACEBROFILINA 5MG/ML XPE INF 120ML,ACEBROFILINA,5MG/ML,XAROPE,120ML,
ACEBROFILINA XPE ADU. 10MG/ML 120 ML (G),ACEBROFILINA XPE,10MG/ML,XAROPE,120 ML,
ACETILCISTEINA 10% C/5AMP 3ML FLUCISTEIN,ACETILCISTEINA,10%,,3ML,
ACETILCISTEINA 20MG XPE 120 ML CX/24,ACETILCISTEINA,20MG,XAROPE,120 ML,
ACETILCISTEINA 20MG/ML XPE FR 120ML,ACETILCISTEINA,20MG/ML,XAROPE,120ML,
ACETILCISTEINA 40MG XPE 120 ML CX/24,ACETILCISTEINA,40MG,XAROPE,120 ML,
ACETILCISTEINA 40MG/ML XAROPE FR 120ML,ACETILCISTEINA,40MG/ML,FRASCO,120ML,
ACETILCISTEINA 600MG ENV C/5G C/50 ENV,ACETILCISTEINA,600MG,ENVELOPE,5G,
ACICLOVIR 200 MG CX/30 CPR (G),ACICLOVIR,200 MG,COMPRIMIDO,,
ACICLOVIR 250 MG IV CX/50 F/A (G),ACICLOVIR,250 MG,FRASCO-AMPOLA,,
ACICLOVIR 250MG C/05 F/A UNI VIR,ACICLOVIR,250MG,FRASCO-AMPOLA,,
ACICLOVIR 50 MG CREME BISN. 10 GR (G),ACICLOVIR,50 MG,,10 G,
"ACIDO FOLICO 0,2MG/ML 30ML",ACIDO FOLICO,"0,2MG/ML",,30ML,VITAMINA B9
ACIDO FOLICO 5MG CX/500 CPRS HIPOFOL,ACIDO FOLICO,5MG,,,VITAMINA B9
ACIDO FOLINICO 15MG CX/500 CPR,ACIDO FOLINICO,15MG,COMPRIMIDO,,
ACIDO GRAXOS LOC.OLEOSA 100ML,ACIDO GRAXOS LOC OLEOSA,100ML,,,
ACIDO GRAXOS LOC.OLEOSA 200ML,ACIDO GRAXOS LOC OLEOSA,200ML,,,
"ACIDO PERACETICO 0,2% 5L",ACIDO PERACETICO,"0,2%",,,
ACIDO TRANEXAMICO 250MG C/100 AMP 5ML (G),ACIDO TRANEXAMICO,250MG,AMPOLA,5ML,
ACIDO URSODESICOXICOLICO 150MG C/30 CPR (I),ACIDO URSODESICOXICOLICO,150MG,COMPRIMIDO,,
ACIDO URSODESOXICOLICO 300MG C/30 CAP (I),ACIDO URSODESOXICOLICO,300MG,,,
ACIDO VALPROICO 250 MG CX/25 CAPS.*(C-1),ACIDO VALPROICO,250 MG,CAPSULA,,
ACIDO VALPROICO 250MG/5ML C/50 100ML (G),ACIDO VALPROICO,250MG,,5ML,
ACIDO VALPROICO 500 MG CPR (G) C/30,ACIDO VALPROICO,500 MG,COMPRIMIDO,,
ADENOSINA 3MG/ML 2ML IV C/5 AMP,ADENOSINA,3MG/ML,AMPOLA,2ML,
ADENOSINA 3MG/ML 2ML IV C/50AMP (G),ADENOSINA,3MG/ML,,2ML,
ADRENALINA 1 MG 1ML CX/100 ADREN,ADRENALINA,1 MG,,1ML,EPINEFRINA
ADRENALINA 1 MG CX/100 (S) AMP.1 ML,ADRENALINA,1 MG,AMPOLA,1 ML,EPINEFRINA
AGUA BI-DESTILADA SIST. FECH 250ML,AGUA BI DESTILADA SIST FECH,250ML,,,
AGUA BI-DESTILADA SIST. FECH 500ml,AGUA BI DESTILADA SIST FECH,500ML,,,
AGUA OXIGENADA 10 VOL 100 ML,AGUA OXIGENADA,100 ML,,,
AGUA OXIGENADA 10 VOL.FR.1000 ML CX/12 LT,AGUA OXIGENADA,1000 ML,FRASCO,,
AGUA PARA INJEÇÃO 10 ML  AMP. CX/200,AGUA PARA INJEÇÃO,10 ML,AMPOLA,,
"AGULHA 13 X 0,45 C/DISP SEG C/100",AGULHA,,,,
"AGULHA 20 X 0,55 24G",AGULHA,24G,,,
"AGULHA 40 X 1,20 18G C/100",AGULHA,18G,,,
ALBENDAZOL 4% CX/60 FR 10ML ALBEL,ALBENDAZOL,4%,FRASCO,10ML,
ALBENDAZOL 400MG CX/100 CPRS (G),ALBENDAZOL,400MG,,,
ALCOOL 70% 100 ML ALMOTOLIA,ALCOOL,70%,,100 ML,
ALCOOL 70% 430 GR GEL,ALCOOL,70%,GEL,430 G,
ALCOOL 70% ETILICO HIDRATADO 1000ML,ALCOOL,70%,,1000ML,
ALCOOL 70% MEDICAMENTO 1000 ML,ALCOOL,70%,,1000 ML,
"ALFAST 0,544 MG/ML 5ML (A-1) CX/10 AMP",CLORIDRATO DE ALFENTANILA,"0,544 MG/ML",AMPOLA,5ML,
ALGODÃO HIDRÓFILO 100 GR BOLA,ALGODÃO HIDRÓFILO,100 G,,,
ALGODÃO HIDRÓFILO 500 GR,ALGODÃO HIDRÓFILO,500 G,,,
ALGODÃO HIDRÓFILO DELICATO 500 GR,ALGODÃO HIDRÓFILO DELICATO,500 G,,,
ALGODÃO ORTOPÉDICO 420 GR,ALGODÃO ORTOPÉDICO,420 G,,,
ALOPURINOL 100MG CX/600 CPR (G),ALOPURINOL,100MG,COMPRIMIDO,,
ALOPURINOL 300MG CX/500 CPR (G),ALOPURINOL,300MG,COMPRIMIDO,,
ALPRAZOLAM 1MG *(B-1) C/30 CPR (G),ALPRAZOLAM,1MG,COMPRIMIDO,,
ALPRAZOLAM 2MG CX/30 COMP (*B) (G),ALPRAZOLAM,2MG,COMPRIMIDO,,
AMBROXMEL XPE 3MG/5ML 120ML,AMBROXMEL XPE,3MG,XAROPE,5ML,
AMBROXOL ADU. XPE 30MG/5ML 100ML C/48 (G),AMBROXOL  XPE,30MG,XAROPE,5ML,
AMBROXOL ADU.30MG/5ML C/60 100 ML HOSP (G),AMBROXOL,30MG,,5ML,
AMBROXOL PED. XPE 15MG/5ML CX/ 60 100ML (G),AMBROXOL  XPE,15MG,XAROPE,5ML,
AMBROXOL XPE 6MG/5ML 120ML,AMBROXOL XPE,6MG,XAROPE,5ML,
AMINOFILINA 240 MG 10ML C/100 AMP (G),AMINOFILINA,240 MG,AMPOLA,10ML,
AMIODARONA  50MG/ML 3ML C/100 AMP (G),AMIODARONA,50MG/ML,AMPOLA,3ML,
AMIODARONA 200 MG CX/500 CPR (I) (G),AMIODARONA,200 MG,COMPRIMIDO,,
AMITRIPTILINA 25 MG CX/200 CPR *(C-1),AMITRIPTILINA,25 MG,COMPRIMIDO,,
AMOXI+CLAV.POT 500MG/125MG C/12 (I) (G),AMOXICILINA + CLAV POTÁSSIO,500MG,,125MG,
"AMOXI+CLAV.POT 50MG+12,5/ML(G) FR 75ML",AMOXICILINA + CLAV POTÁSSIO,50MG,FRASCO,75ML,
AMOXI+CLAV.POT(I)(G) 500+125MG C/300 CP,AMOXICILINA + CLAV POTÁSSIO()(),125MG,,,
AMOXI+CLAV.POT. 875MG/125MG C/20 (I) (G),AMOXICILINA + CLAV POTÁSSIO,875MG,,125MG,
AMOXI+CLAV.POTASSIO 500/125MG C/21 (G),AMOXICILINA + CLAV POTASSIO,125MG,,,
AMOXI+CLAV.POTASSIO 500MG/125 MG C/18 (G),AMOXICILINA + CLAV POTASSIO,500MG,,125 MG,
AMOXICILINA 250MG 60ML HOSP C/50FR (G),AMOXICILINA,250MG,,60ML,
AMOXICILINA 250MG/ML FR 150ML HOSP. (G),AMOXICILINA,250MG/ML,FRASCO,150ML,
AMOXICILINA 500 MG CX/ 21 CAPS (G),AMOXICILINA,500 MG,CAPSULA,,
AMOXICILINA 500MG GEN C/840 CAPS,AMOXICILINA,500MG,CAPSULA,,
AMPICILINA 1G CX C/100  F/A CILINON,AMPICILINA,1G,FRASCO-AMPOLA,,
AMPICILINA 2G+SULBACTAM 1G C/20 F/A (G),AMPICILINA,2G,FRASCO-AMPOLA,1G,
ANASTROZOL 1MG C/28 CPR,ANASTROZOL,1MG,COMPRIMIDO,,
ANFOTERICINA B 50MG 10ML CX.25 ANFORI( T ),ANFOTERICINA B,50MG,,10ML,
ANLODIPINO 10MG C/30 CPR (G),ANLODIPINO,10MG,COMPRIMIDO,,
ANLODIPINO 5 MG C/30 CPR (G),ANLODIPINO,5 MG,COMPRIMIDO,,
ANLODIPINO 5MG C/500 CPR BESILAPIN,ANLODIPINO,5MG,COMPRIMIDO,,
"ATAD.CREP.10CM X 1,8M 13F CYSNE PCT C/6 UND",ATADURA CREPOM,,,,
"ATAD.GESS.10CM X 3,0M",ATADURA GESSADA,,,,
ATENOLOL 25MG CX/60 CPR (G),ATENOLOL,25MG,COMPRIMIDO,,
ATENOLOL 50MG CX/30 CPR,ATENOLOL,50MG,COMPRIMIDO,,
ATORVASTATINA 10MG CX/30 CPRS (G),ATORVASTATINA,10MG,,,
ATORVASTATINA 40MG CX/30 CPRS (G),ATORVASTATINA,40MG,,,
ATORVASTATINA CALCICA 20MG C/30 CPR (G),ATORVASTATINA CALCICA,20MG,COMPRIMIDO,,
"ATRACURIO 10MG/ML 2,5ML CX25 TRACUR ( T )",ATRACURIO,10MG/ML,,"2,5ML",
"ATROPINA 0,25% CX/100  1ML",ATROPINA,"0,25%",,1ML,
AVENTAL DESC. CIRURGICO ESTERIL 50G PCT C/1,AVENTAL DESCARTÁVEL CIRURGICO ESTERIL,50G,,,
AVENTAL DESC. HOSPITALAR 20 G PCT C/10,AVENTAL DESCARTÁVEL HOSPITALAR,20 G,,,
AVENTAL DESC. HOSPITALAR 30G PCT C/10,AVENTAL DESCARTÁVEL HOSPITALAR,30G,,,
AVENTAL DESC. HOSPITALAR 40G PCT C/10,AVENTAL DESCARTÁVEL HOSPITALAR,40G,,,
AVENTAL DESC. HOSPITALAR 50G PCT C/10,AVENTAL DESCARTÁVEL HOSPITALAR,50G,,,
AVENTAL DESC. HOSPITALAR EST. 50G PCT C/1,AVENTAL DESCARTÁVEL HOSPITALAR ESTÉRIL,50G,,,
AZITROMICINA 500MG C/500 CPRS (S) (I),AZITROMICINA,500MG,,,
AZITROMICINA 500MG PO LIOF CX/ 10 F/A (G),AZITROMICINA,500MG,FRASCO-AMPOLA,,
AZITROMICINA 600 MG 15 ML C/50 AZITROPHAR,AZITROMICINA,600 MG,,15 ML,
AZITROMICINA 600MG PO+SER 15ML C/50 (G),AZITROMICINA,600MG,PO,15ML,
AZTREONAM 1 G C/25 F/A (G),AZTREONAM,1 G,FRASCO-AMPOLA,,
BACLOFENO 10 MG CX/20 CPR,BACLOFENO,10 MG,COMPRIMIDO,,
BECLOMETASONA NASAL 50MCG 200 D (I),BECLOMETASONA NASAL,50MCG,,,
BETAMET+FOSF.BET 3MG+3MG 1ML 25 AMP (T),BETAMETASONA + FOSF BET,3MG,AMPOLA,1ML,
BETAMET+FOSF.BET.5MG+2MG AMP 1ML,BETAMETASONA + FOSF BET,5MG,AMPOLA,2MG,
"BETAXOLOL 0,5% COLIRIO 5ML",BETAXOLOL,"0,5%",,5ML,
"BICARB.SODIO 8,4%  FR  250ML",BICARBONATO SODIO,"8,4%",FRASCO,250ML,
"BICARB.SODIO 8,4% CX/200 AMP. 10 ML",BICARBONATO SODIO,"8,4%",AMPOLA,10 ML,
"BIMATOPROSTA 0,3MG/ML 3ML FR BIMAGAN",BIMATOPROSTA,"0,3MG/ML",FRASCO,3ML,
BIPERIDENO 2MG CX.C/200 COMP CINETOL(*C-1,BIPERIDENO,2MG,COMPRIMIDO,,
BIPERIDENO 5MG/ML 1ML CX 25 CINETOL,BIPERIDENO,5MG/ML,,1ML,
BISACODIL 5MG CX/150 CPR BISALAX,BISACODIL,5MG,COMPRIMIDO,,
BISACODIL 5MG CX/20 CPRS DUCODIL,BISACODIL,5MG,,,
"BISOPROLOL 1,25MG C/30CPR (G)",BISOPROLOL,"1,25MG",,,
BISOPROLOL 10MG C/30CPR (G),BISOPROLOL,10MG,,,
"BISOPROLOL 2,5 MG (G) CX/30 CPR",BISOPROLOL,"2,5 MG",COMPRIMIDO,,
BISOPROLOL 5MG C/30CPR,BISOPROLOL,5MG,,,
"BISOPROLOL+HIDROCLOROTIAZIDA 5+12,5MG C/30",BISOPROLOL + HIDROCLOROTIAZIDA,"12,5MG",,,
BOLSA COLOSTOMIA PLAST.30MM PTC/10 UNID.,BOLSA COLOSTOMIA PLAST,,BOLSA,,
"BORTEZOMIBE 3,5 MG PO LIOF IV F/A",BORTEZOMIBE,"3,5 MG",FRASCO-AMPOLA,,
BOSENTANA 125MG C/60 CPR,BOSENTANA,125MG,COMPRIMIDO,,
BRIMONIDINA 2MG FR 5ML COLIRIO,BRIMONIDINA,2MG,FRASCO,5ML,
BRIMONIDINA 2MG/ML COLIRIO FR 5ML,BRIMONIDINA,2MG/ML,FRASCO,5ML,
BROMAZEPAM 3 MG CX/30 CPR *(B-1) (G),BROMAZEPAM,3 MG,COMPRIMIDO,,
BROMAZEPAM 6MG CX/30 CPR *(B-1),BROMAZEPAM,6MG,COMPRIMIDO,,
"BROME. IPRATROPIO 0,25MG/ML 20 ML C/200 (G)",BROME IPRATROPIO,"0,25MG/ML",,20 ML,
BROMOPRIDA 10 MG (G) CAP C/20,BROMOPRIDA,10 MG,,,
BROMOPRIDA 10MG  CX/100 AMP 2ML (G),BROMOPRIDA,10MG,AMPOLA,2ML,
BUDESONIDA 32MCG SPRAY NASAL 120DOSES (G),BUDESONIDA,32MCG,,,
BUDESONIDA 64MCG AQ NASAL 120 DOSES (G),BUDESONIDA,64MCG,,,
"BUPIVACAINA 0,5%  S/V 20ML TRADINOL",BUPIVACAINA,"0,5%",,20ML,
"BUPIVACAINA 0,5% PESADA C/50 AMP.4 ML (G)",BUPIVACAINA,"0,5%",AMPOLA,4 ML,
"BUPIVACAINA 0,5% PESADA EST. C/40 AMP 4ML",BUPIVACAINA,"0,5%",AMPOLA,4ML,
"BUPIVACAINA 0,5% S/V CX/25 F/A 20 ML",BUPIVACAINA,"0,5%",FRASCO-AMPOLA,20 ML,
BUPROPIONA 150MG *(C-1) CX/30 CPRS (G),BUPROPIONA,150MG,,,
"CABERGOLINA 0,5MG CX/8 CPR (G)",CABERGOLINA,"0,5MG",COMPRIMIDO,,
CAMPO 10X09 09G EST RAD DUPLA C/5,CAMPO,09G,,,
CAMPO 25 X 28 13 G EST RAD SIMPLES PCT/ 2 UND,CAMPO,13 G,,,
CAMPO 25X28 13G EST RAD SIMPL C/5 DIONE,CAMPO,13G,,,
CAMPO 25X28 15G EST RAD SIMPLES C/5 INA,CAMPO,15G,,,
CAMPO 25X28 17G EST RAD DUPLA C/2 SAFE,CAMPO,17G,,,
CAMPO 25X28 20G EST RAD SIMPL C/5,CAMPO,20G,,,
CAMPO 45X50 35G N/ESTERIL RADIO C/50 ANTONELLA,CAMPO,35G,,,
CAPECITABINA 500MG C/120 CPR (G),CAPECITABINA,500MG,COMPRIMIDO,,
CAPTOPRIL 25MG CX 500 CPR (G),CAPTOPRIL,25MG,COMPRIMIDO,,
CARBAMAZEPINA 2 % 100 ML CX/50 FR (G),CARBAMAZEPINA,2 %,FRASCO,100 ML,
CARBAMAZEPINA 200 MG CX/500 CPR (G),CARBAMAZEPINA,200 MG,COMPRIMIDO,,
CARBAMAZEPINA 400 MG C/20 CPR (G),CARBAMAZEPINA,400 MG,COMPRIMIDO,,
CARBAMAZEPINA 400 MG C/200CPR (I),CARBAMAZEPINA,400 MG,,,
CARBO CALCIO 1250MG+VIT.D 400U CX/450 CPR,CARBO CALCIO,1250MG,COMPRIMIDO,,
CARBON CALCIO 500 MG+COLECALI 200 C/60 CPR,CARBONATO CALCIO,500 MG,COMPRIMIDO,,
CARBONATO LITIO 300 MG *(C1) BLYT CX/50 COMP,CARBONATO LITIO,300 MG,COMPRIMIDO,,
CARBONATO LITIO 300MG *(C1) CX 500 CPR (G),CARBONATO LITIO,300MG,COMPRIMIDO,,
CARBOPLATINA 450MG/ML F/A,CARBOPLATINA,450MG/ML,FRASCO-AMPOLA,,
CARMELOSE SODICA 5MG/ML FR 10ML,CARMELOSE SODICA,5MG/ML,FRASCO,10ML,
"CARVEDILOL 12,5MG C/30 CPR (G)",CARVEDILOL,"12,5MG",COMPRIMIDO,,
CARVEDILOL 25MG C/30 CPR (G),CARVEDILOL,25MG,COMPRIMIDO,,
"CARVEDILOL 3,125MG C/30 CPR (G)",CARVEDILOL,"3,125MG",COMPRIMIDO,,
"CARVEDILOL 6,25MG C/30 CPR (G)",CARVEDILOL,"6,25MG",COMPRIMIDO,,
CATETER INTRAV. S/ DISP. 20G ROSA,CATETER INTRAV / DISP,20G,,,
CATETER INTRAV. S/ DISP. 22G AZUL,CATETER INTRAV / DISP,22G,,,
CATETER INTRAV. S/ DISP. 24G AMARELO,CATETER INTRAV / DISP,24G,,,
"CATETER TIPO OCULOS ADULTO 1,50",CATETER TIPO OCULOS ADULTO,,,,
CATETER TIPO OCULOS PEDIATRICO C/INT NASAL,CATETER TIPO OCULOS PEDIATRICO,,,,
CEFALEXINA 250 MG SUSP ORAL FR 100ML (G),CEFALEXINA,250 MG,FRASCO,100ML,
CEFALEXINA 500 MG C/10 CAP (I) (G),CEFALEXINA,500 MG,,,
CEFALOTINA 1GR C/50 F/A S/D (G),CEFALOTINA,1G,FRASCO-AMPOLA,,
CEFAZOLINA 1GR IM/IV 50 F/A (G),CEFAZOLINA,1G,FRASCO-AMPOLA,,
CEFEPIMA 1G C/50 F/A (G),CEFEPIMA,1G,FRASCO-AMPOLA,,
CEFEPIMA 2 GR CX/50 F/A (G),CEFEPIMA,2 G,FRASCO-AMPOLA,,
CEFTAZIDIMA 1GR CX 20 F/A CEFTAZIDON,CEFTAZIDIMA,1G,FRASCO-AMPOLA,,
CEFTAZIDIMA 1GR IM/IV CX/25F/A (I),CEFTAZIDIMA,1G,,,
CEFTRIAXONA 1G PO IV F/A CX/100 (G),CEFTRIAXONA,1G,FRASCO-AMPOLA,,
CEFUROXIMA 750 MG CX C/50 F/A (G),CEFUROXIMA,750 MG,FRASCO-AMPOLA,,
CETOCONAZOL 200MG C/30 CPRS (G),CETOCONAZOL,200MG,,,
CETOCONAZOL 20MG/G CREME C/60 BISN.30 GR,CETOCONAZOL,20MG,,30 G,
CETOCONAZOL CREME BISN. 30 GR,CETOCONAZOL CREME BISN,30 G,,,
CETOPROFENO 100MG IM C/100 AMP 2ML (G),CETOPROFENO,100MG,AMPOLA,2ML,
CETOPROFENO 100MG IV C/50 F/A PO (G),CETOPROFENO,100MG,FRASCO-AMPOLA,,
"CETROTIDE 0,25MG PO LIOF + SER F/A (T)",CETROTIDE,"0,25MG",FRASCO-AMPOLA,,
CICLOBENZAPRINA 10MG C/30 CPR (G),CICLOBENZAPRINA,10MG,COMPRIMIDO,,
CICLOBENZAPRINA 5MG CX/ 30 CPR (G),CICLOBENZAPRINA,5MG,COMPRIMIDO,,
CICLOPENTOLATO 10MG/ML 5ML FR,CICLOPENTOLATO,10MG/ML,FRASCO,5ML,
CIMETIDINA 300 MG CX/100  AMP.2 ML,CIMETIDINA,300 MG,AMPOLA,2 ML,
CINARIZINA 25 MG CX/30 COMP (I) (G),CINARIZINA,25 MG,COMPRIMIDO,,
CINARIZINA 75 MG CX/500 COMP. (I) (G),CINARIZINA,75 MG,COMPRIMIDO,,
"CIPROFLOX+DEXAME. 3,5+0,1 MG/G POM 3,5G",CIPROFLOXACINO + DEXAMETASONA,"0,1 MG",POMADA,"3,5G",
"CIPROFLOX+DEXAME. 3,5+1 MG/ML 5ML",CIPROFLOXACINO + DEXAMETASONA,1 MG/ML,,5ML,
CIPROFLOXACINA 200 MG BOL C/60 100ML (G),CIPROFLOXACINA,200 MG,,100ML,
CIPROFLOXACINO 200MG  100ML  CX  C/60 (G),CIPROFLOXACINO,200MG,,100ML,
"CIPROFLOXACINO 3,5MG/G BIS 3,5G",CIPROFLOXACINO,"3,5MG",,"3,5G",
"CIPROFLOXACINO 3,5MG/ML FR 5ML",CIPROFLOXACINO,"3,5MG/ML",FRASCO,5ML,
CIPROFLOXACINO 500MG  C/14 CPR (G),CIPROFLOXACINO,500MG,COMPRIMIDO,,
"CIPROFLOXACINO+DEXA 3,5 MG/ML FR 5ML (G)",CIPROFLOXACINO + DEXAMETASONA,"3,5 MG/ML",FRASCO,5ML,
CISATRACURIO 2MG/ML SOL INJ 5ML (T),CISATRACURIO,2MG/ML,SOLUCAO,5ML,
CITALOPRAM 20MG *(C1) C/300 CPR (G),CITALOPRAM,20MG,COMPRIMIDO,,
CLINDAMICINA 300 MG CX/ 16 CAP (I) (G),CLINDAMICINA,300 MG,,,
CLINDAMICINA 600 MG/4ML CX/100 AMP (G),CLINDAMICINA,600 MG,AMPOLA,4ML,
CLOMIPRAMINA 25MG C/ 20 CPR CLO *(C1),CLOMIPRAMINA,25MG,COMPRIMIDO,,
"CLONAZEPAM 0,5 MG C/480 CPR ZILEPAM (B1)",CLONAZEPAM,"0,5 MG",COMPRIMIDO,,
CLONAZEPAM 2 MG C/480 CPR (S) ZILEPAM (B1),CLONAZEPAM,2 MG,COMPRIMIDO,,
"CLONAZEPAM 2,5MG/ML 20ML (*B1) (G)",CLONAZEPAM,"2,5MG/ML",,20ML,
"CLONAZEPAM 2,5MG/ML GTS 20ML (B1)C/200 (G",CLONAZEPAM,"2,5MG/ML",GOTAS,20ML,
CLONIDINA 150 MCG/ML 1ML C/25 AMP,CLONIDINA,150 MCG,AMPOLA,1ML,
CLOPIDOGREL 75 MG CX/30 COMP (I) (G),CLOPIDOGREL,75 MG,COMPRIMIDO,,
CLOR.DE POTASSIO 10%  10ML CX 200,CLORETO DE POTASSIO,10%,,10ML,
"CLOR.DE POTASSIO 19,1%  10ML CX 200",CLORETO DE POTASSIO,"19,1%",,10ML,
"CLOR.DE POTASSIO 19,1%  CX/200 AMP 10 ML",CLORETO DE POTASSIO,"19,1%",AMPOLA,10 ML,
CLOR.DE POTASSIO 6% ORAL 100ML C/50,CLORETO DE POTASSIO,6%,,100ML,
"CLOR.DE SODIO 0,9% 10 ML CX/200 AMP",CLORETO DE SODIO,"0,9%",AMPOLA,10 ML,
CLOR.SODIO 20 % 10ML CX/200,CLORETO SODIO,20 %,,10ML,
CLOR.SODIO 20% 10ML CX/200 FR,CLORETO SODIO,20%,FRASCO,10ML,
"CLOREXIDINA 0,12% ANTISSEPT BUCAL 1000ML",CLOREXIDINA,"0,12%",,1000ML,
"CLOREXIDINA 0,12% ANTISSEPTICO BUCAL 250ML",CLOREXIDINA,"0,12%",,250ML,
"CLOREXIDINA 0,2% SOL.AQUOSA 100 ML ALMOT",CLOREXIDINA,"0,2%",SOLUCAO,100 ML,
"CLOREXIDINA 0,2% SOL.AQUOSA 1000 ML",CLOREXIDINA,"0,2%",SOLUCAO,1000 ML,
"CLOREXIDINA 0,5% SOL.ALCOÓLICA 1000ML",CLOREXIDINA,"0,5%",SOLUCAO,1000ML,
"CLOREXIDINA 0,5% SOL.ALCOÓLICA 100ML ALMOT",CLOREXIDINA,"0,5%",SOLUCAO,100ML,
CLOREXIDINA 1% AQUOSA 100 ML FR,CLOREXIDINA,1%,FRASCO,100 ML,
CLOREXIDINA 2% AQUOSA 100ML,CLOREXIDINA,2%,,100ML,
CLOREXIDINA 2% AQUOSA 30ML,CLOREXIDINA,2%,,30ML,
CLOREXIDINA 2% DEGERMANTE 1000ML,CLOREXIDINA,2%,,1000ML,
CLOREXIDINA 2% SOL. AQUOSA 1000ML,CLOREXIDINA,2%,SOLUCAO,1000ML,
CLOREXIDINA 2% SOL.ALCOOLICA 100ML,CLOREXIDINA,2%,SOLUCAO,100ML,
CLOREXIDINA 4% DEGERMANTE 1000ML,CLOREXIDINA,4%,,1000ML,
CLOREXIDINA 4% DEGERMANTE 100ML,CLOREXIDINA,4%,,100ML,
CLORPROMAZINA 100MG C/100 CPR CLOPROMAZ,CLORPROMAZINA,100MG,COMPRIMIDO,,
CLORPROMAZINA 25MG C/200 CPR LONGACTIL,CLORPROMAZINA,25MG,COMPRIMIDO,,
CLORPROMAZINA 4% GTS 20ML (C1 LONGACTIL,CLORPROMAZINA,4%,GOTAS,20ML,
CLORPROMAZINA 5MG/ML 5ML C/10,CLORPROMAZINA,5MG/ML,,5ML,
COBERTURA DE GAZE PARAFINADA 10 X 10 C/50,COBERTURA DE GAZE PARAFINADA,,,,
CODEINA 30 MG CX/30 CPRS (C-1) CODEIN,CODEINA,30 MG,,,
COLAGENASE C/CLOR.BIS 30G C/10,COLAGENASE,30G,,,
COLAGENASE S/CLOR.BIS 30G KOLLAGENASE,COLAGENASE /CLORETO BIS,30G,,,
COLETOR PERFURO CORTANTE 13 LT,COLETOR PERFURO CORTANTE,,,,
COLETOR URINA SISTEMA FECHADO 2000 ML,COLETOR URINA SISTEMA FECHADO,2000 ML,,,
COLETOR URINA SISTEMA FECHADO 2000ML,COLETOR URINA SISTEMA FECHADO,2000ML,,,
"COMPLEXO ""B"" C/100 AMP 2 ML SANTIPLEX","COMPLEXO ""B""",2 ML,AMPOLA,,
"COMPLEXO ""B"" C/500 DRG","COMPLEXO ""B""",,,,
COMPRE. GAZE NAO ESTERIL 09 FIOS PCT 500 UND,COMPRESSA GAZE NAO ESTERIL,,,,
"COMPRE.GAZE 7,5 X 7,5 11 FIOS C/10 EST POP",COMPRESSA GAZE,,,,
"COMPRE.GAZE EST 7,5 X 7,5 13 FIOS PCT/10",COMPRESSA GAZE ESTÉRIL,,,,
COMPRE.GAZE ESTERIL 09 FIOS PCT/10,COMPRESSA GAZE ESTERIL,,,,
COMPRE.GAZE NAO ESTERIL 09 FIOS 105GR,COMPRESSA GAZE NAO ESTERIL,105G,,,
COMPRE.GAZE T QUEIJO CIRCU. NAO EST. 13 FIOS,COMPRESSA GAZE T QUEIJO CIRCU NAO ESTÉRIL,,,,
CREME DERMO PROTETOR 60G RESTAURADOR,CREME DERMO PROTETOR,60G,,,
CURATIVO ABSORV.EST.6 X 7 CM CX/50 UND,CURATIVO ABSORV ESTÉRIL,,,,
CURATIVO DE ESPUMA ABSORV. ESTERIL (I),CURATIVO DE ESPUMA ABSORV ESTERIL (),,,,
DANTROLENO 20MG C/12 F/A 60ML (T),DANTROLENO,20MG,FRASCO-AMPOLA,60ML,
DESINFETANTE ORTOFTALALDEIDO 5LT OPA HLD,DESINFETANTE ORTOFTALALDEIDO,,,,
"DESLANOSIDEO 0,2MG/ML 50 AMP 2ML DESLANOL",DESLANOSIDEO,"0,2MG/ML",AMPOLA,2ML,
DETERGENTE ENZIMA 4 ENZ 1LT PRATICZYME,DETERGENTE ENZIMA,,,,
DEXAMETASONA 2 MG AMP.1ML CX/100 (G),DEXAMETASONA,2 MG,AMPOLA,1ML,
DEXAMETASONA 4 MG CX.C/10 CPR (G),DEXAMETASONA,4 MG,COMPRIMIDO,,
"DEXAMETASONA 4MG AMP 2,5ML CX/100 (G)",DEXAMETASONA,4MG,AMPOLA,"2,5ML",
"DEXAMETASONA 4MG/ML CX/100 AMP 2,5ML (G)",DEXAMETASONA,4MG/ML,AMPOLA,"2,5ML",
DEXAMETASONA CREM 1MG/G CX/100 BIS (G),DEXAMETASONA CREM,1MG,,,
DEXAMETASONA CREME 1MG/G CX/50 10G (G),DEXAMETASONA CREME,1MG,,10G,
"DEXAMETASONA ELI 0,5MG/5ML (G) 100 ML C/60",DEXAMETASONA ELIXIR,"0,5MG",,5ML,
DEXCLOR+BETAMETASONA (G) FR 120ML,DEXCLORFENIRAMINA + BETAMETASONA () FR,120ML,FRASCO,,
"DEXCLORFENIRAMINA (G) 0,4MG/ML C/60FR 100ML",DEXCLORFENIRAMINA (),"0,4MG/ML",,100ML,
"DEXCLORFENIRAMINA 0,4MG FR 120ML",DEXCLORFENIRAMINA,"0,4MG",FRASCO,120ML,
"DEXCLORFENIRAMINA 0,4MG/ML(G) C/50 120ML",DEXCLORFENIRAMINA,"0,4MG/ML",,120ML,
DEXCLORFENIRAMINA 2 MG COMP C/500 COMP,DEXCLORFENIRAMINA,2 MG,COMPRIMIDO,,
DEXMEDETOMIDINA 100 MCG/ML C/25 FA 2ML,DEXMEDETOMIDINA,100 MCG,FRASCO-AMPOLA,2ML,
DEXPANTENOL 50MG/G POM 30G,DEXPANTENOL,50MG,POMADA,30G,
"DEXTRANA+HIPROMELOSE 0,1+0,3 MG/ML GTS 15ML",DEXTRANA + HIPROMELOSE,"0,3 MG/ML",GOTAS,15ML,
DEXTROCETAMINA  50MG/ML C/50AMP 2ML (G),DEXTROCETAMINA,50MG/ML,,2ML,
DEXTROCETAMINA 50MG/ML C/25 AMP 10ML (S),DEXTROCETAMINA,50MG/ML,AMPOLA,10ML,
DEXTROCETAMINA 50MG/ML C/50 AMP  10 ML (G),DEXTROCETAMINA,50MG/ML,AMPOLA,10 ML,
DIAZEPAM 10 MG CX/1000 CPR *(B-1),DIAZEPAM,10 MG,COMPRIMIDO,,VALIUM
DIAZEPAM 10MG C/100 AMP 2ML *(B-1) (G),DIAZEPAM,10MG,AMPOLA,2ML,VALIUM
DIAZEPAM 5 MG CX/1000 CPR *(B-1),DIAZEPAM,5 MG,COMPRIMIDO,,VALIUM
DICLOF. POTASSIO 50 MG CPR (G) C/500,DICLOFENACO POTASSIO,50 MG,COMPRIMIDO,,
"DICLOF.DIETILAMONIO 11,6MG/G BIS 60G (G)",DICLOFENACO DIETILAMONIO,"11,6MG",,60G,
DICLOF.SODIO 50 MG CX C/20,DICLOFENACO SODIO,50 MG,,,
DICLOF.SODIO 50 MG SODIX  CX/500 COMP,DICLOFENACO SODIO,50 MG,COMPRIMIDO,,
DICLOF.SODIO 75 MG C/100 (S) AMP 3 ML (I),DICLOFENACO SODIO,75 MG,AMPOLA,3 ML,
DIFENIDRAMINA 50MG/ML 1ML C/25 DIFENIDRIN,DIFENIDRAMINA,50MG/ML,,1ML,
"DIGOXINA 0,25 MG CPR C/20 (G)",DIGOXINA,"0,25 MG",COMPRIMIDO,,
"DIGOXINA 0,25MG CX/30 CPR (G)",DIGOXINA,"0,25MG",COMPRIMIDO,,
DIMEN+PIRID+GLI+FRU 50MG/ML IV 10 ML C/100,DIMENIDRATO + PIRIDOXINA + GLICOSE + FRUTOSE,50MG/ML,,10 ML,
DIMENID+CLOR.PIRIDOXINA FR20MM DRAMAVIT,DIMENIDRATO + CLORETO PIRIDOXINA FR,,,,
DIOSMINA+HESPER 450MG+50MG CX/60 CPR,DIOSMINA + HESPERIDINA,450MG,COMPRIMIDO,50MG,
DIPIRONA 1GR  CXC/100 AMP.2 ML DIPIFARMA,DIPIRONA,1G,AMPOLA,2 ML,METAMIZOL
DIPIRONA 500 MG CPR (G) C/100,DIPIRONA,500 MG,COMPRIMIDO,,METAMIZOL
DIPIRONA 500MG CX/ 200 CPR (G),DIPIRONA,500MG,COMPRIMIDO,,METAMIZOL
DIPIRONA 500MG GOTAS 10ML C/100 FR (G),DIPIRONA,500MG,FRASCO,10ML,METAMIZOL
DIVALPROATO SODIO 250MG C/30 CPR,DIVALPROATO SODIO,250MG,COMPRIMIDO,,
DOBUTAMINA 250 MG  CX/10 AMP 20ML (G),DOBUTAMINA,250 MG,AMPOLA,20ML,
DONEPEZILA 10MG C/30 CPR (C*) (G),DONEPEZILA,10MG,COMPRIMIDO,,
DOPAMINA 50 MG C/50 AMP 10 ML (G),DOPAMINA,50 MG,AMPOLA,10 ML,
DOPAMINA 50 MG CX/10 10 ML DOPACRIS,DOPAMINA,50 MG,,10 ML,
DORZOLAMIDA +TIMOLOL 5ML (I) 20MG/ML+5MG,DORZOLAMIDA + TIMOLOL,20MG/ML,,5ML,
DORZOLAMIDA 2% COLIRIO OCUPRES 5ML,DORZOLAMIDA,2%,,5ML,
DOXAZOSINA 2MG CX/30 CPR (G),DOXAZOSINA,2MG,COMPRIMIDO,,
DOXAZOSINA 4MG C/30 CPRS (G),DOXAZOSINA,4MG,,,
"DROPERIDOL 2,5 MG/ML CX/50 AMP 1ML* (C-1)",DROPERIDOL,"2,5 MG/ML",AMPOLA,1ML,
DROPERIDOL+FENTANIL 2ML (*A-1) NILPERIDOL,DROPERIDOL + FENTANIL,2ML,,,
DULOXETINA 60MG *(C1) C/30 CAP (G),DULOXETINA,60MG,,,
EFEDRINA 50MG/ML 1ML C/25 AMP UNIFEDRIN,EFEDRINA,50MG/ML,AMPOLA,1ML,
EFEDRINA 50MG/ML 1ML C/50 (G),EFEDRINA,50MG/ML,,1ML,
ENALAPRIL 10 MG C/500 CPR (G),ENALAPRIL,10 MG,COMPRIMIDO,,
ENALAPRIL 20 MG CX/30 CPR (G),ENALAPRIL,20 MG,COMPRIMIDO,,
ENALAPRIL 5 MG C/500 CPR (G),ENALAPRIL,5 MG,COMPRIMIDO,,
ENOXAPARINA 40MG C/10 SERI (I) PRONTO USO,ENOXAPARINA,40MG,,,
"ENOXAPARINA 60MG/0,6ML C/2 SER C/T (I)",ENOXAPARINA,60MG,,"0,6ML",
EQUIPO MACRO GOTAS C/PAPEL GRAU SLIP,EQUIPO MACRO GOTAS,,GOTAS,,
EQUIPO MACRO GOTAS LUER SLIP,EQUIPO MACRO GOTAS LUER SLIP,,GOTAS,,
EQUIPO MACRO GOTAS SLIP COMPLETO,EQUIPO MACRO GOTAS SLIP COMPLETO,,GOTAS,,
"EQUIPO NUTRI C/FILTRO DE AR 1,5 MTS",EQUIPO NUTRI,,,,
EQUIPO NUTRI ENTERAL ESCALONADO,EQUIPO NUTRI ENTERAL ESCALONADO,,,,
EQUIPO TRANSFUSAO SANG.CAM DUPL.LUER SLIP,EQUIPO TRANSFUSAO SANG CAM DUPL LUER SLIP,,,,
ESCINA AMORFA+ASSOC.10+10+50MG GEL 30G,ESCINA AMORFA + ASSOC,50MG,GEL,30G,
ESCITALOPRAM 10MG CX/28 CPR (I) (G),ESCITALOPRAM,10MG,COMPRIMIDO,,
ESCITALOPRAM 20MG CX/30 CPR (G),ESCITALOPRAM,20MG,COMPRIMIDO,,
ESCITALOPRAM 20MG/ML 15ML (G),ESCITALOPRAM,20MG/ML,,15ML,
ESCOVA P/ASSEP MÃOS C/CLOREX 2% 22ML,ESCOVA P/ASSEP MÃOS,2%,,22ML,
ESCOVA P/ASSEP MÃOS C/CLOREX 22ML,ESCOVA P/ASSEP MÃOS,22ML,,,
ESCOVA P/ASSEPSIA MÃOS C/PVPI,ESCOVA P/ASSEPSIA MÃOS,,,,
ESCOVA SECA P/ASSEPSIA S/PVPI,ESCOVA SECA P/ASSEPSIA /PVPI,,,,
ESMOLOL 10MG/ML SOL INJ 10ML  C/25 F/A,ESMOLOL,10MG/ML,FRASCO-AMPOLA,10ML,
ESOMEPRASOL 40MG C/28 CPR (G),ESOMEPRASOL,40MG,COMPRIMIDO,,
ESOMEPRAZOL 40 MG CPR (G) C/14,ESOMEPRAZOL,40 MG,COMPRIMIDO,,
ESOMEPRAZOL SODICO 40MG FA PO LIOF (G),ESOMEPRAZOL SODICO,40MG,FRASCO-AMPOLA,,
"ESPARADRAPO 05 CM X 4,5 MTS C/CAPA",ESPARADRAPO,,,,
ESPIRONOLACTONA 100 MG CX/30 CPR (G),ESPIRONOLACTONA,100 MG,COMPRIMIDO,,
ESPIRONOLACTONA 25 MG CX/30 CPRS (G),ESPIRONOLACTONA,25 MG,,,
ESPIRONOLACTONA 50 MG C/30 COM (G),ESPIRONOLACTONA,50 MG,,,
ESTRIOL 1MG/G BIS 50G C/1 APL ESTRIONIL,ESTRIOL,1MG,,50G,
ETER ETILICO 35% VIC REMOV FR 1000 ML,ETER ETILICO,35%,FRASCO,1000 ML,
ETILEFRINA 10MG/ML 1ML C/6 AMP ETILEFRIL,ETILEFRINA,10MG/ML,AMPOLA,1ML,
ETOMIDATO 2MG/ML CX/25AMP 10ML *(C-1) (G),ETOMIDATO,2MG/ML,,10ML,
EXEMESTANO 25MG C/30 CPR,EXEMESTANO,25MG,COMPRIMIDO,,
FENITOINA 100 MG CX/100 CPRS *(C-1) GEN,FENITOINA,100 MG,,,HIDANTOÍNA
FENITOINA 100MG CX/500 CPR (G),FENITOINA,100MG,COMPRIMIDO,,HIDANTOÍNA
FENITOINA 50MG/ML C/100 AMP. 5 ML (G),FENITOINA,50MG/ML,AMPOLA,5 ML,HIDANTOÍNA
FENOBARBITAL 100 MG C/200 CPR (B1) (I) (G),FENOBARBITAL,100 MG,COMPRIMIDO,,GARDENAL
FENOBARBITAL 100 MG CX.C/200 FENOCRIS,FENOBARBITAL,100 MG,,,GARDENAL
FENOBARBITAL 200MG 2ML IM/IV CX/25 AMP,FENOBARBITAL,200MG,AMPOLA,2ML,GARDENAL
FENOBARBITAL 4% GTS VD 20 ML (G),FENOBARBITAL,4%,GOTAS,20 ML,GARDENAL
"FENTANILA 0,05MG AMP 10ML C/50 (*A1) (G)",FENTANILA,"0,05MG",AMPOLA,10ML,
"FENTANILA 0,05MG AMP 2ML CX/50",FENTANILA,"0,05MG",AMPOLA,2ML,
"FENTANILA 0,05MG C/25 AMP 10M UNIFENTAL",FENTANILA,"0,05MG",AMPOLA,,
"FENTANILA 0,05MG/ML AMP 5ML CX/50 (G)",FENTANILA,"0,05MG/ML",AMPOLA,5ML,
FILTRO HEPA INFANTIL BECARE,FILTRO HEPA INFANTIL BECARE,,,,
FILTRO HMEF ADULTO C/TRAQUEIA 48 HORAS,FILTRO HMEF ADULTO,,,,
FITA MICROPORE 05CM X 10M,FITA MICROPORE,,,,
FITA P/GLICOSE CX C/50 UND ON CALL PLUS,FITA P/GLICOSE CX,,,,
FLUCONAZOL 150 MG C/100CAPS,FLUCONAZOL,150 MG,,,
FLUCONAZOL INJ 2MG/ML BOL 100 ML C/6,FLUCONAZOL INJETÁVEL,2MG/ML,,100 ML,
FLUCONAZOL INJ 2MG/ML BOLSA 100 ML (G),FLUCONAZOL INJETÁVEL,2MG/ML,BOLSA,100 ML,
FLUFENAN DEPOT 25MG/ML C/50 AM P.1ML  (T),FLUFENAN DEPOT,25MG/ML,,1ML,
"FLUMAZENIL 0,1MG/5ML C/50 AMP *(C-1) (G)",FLUMAZENIL,"0,1MG",AMPOLA,5ML,
"FLUMAZENIL 0,5MG/5ML C/5 AMP *(C-1) (G)",FLUMAZENIL,"0,5MG",AMPOLA,5ML,
FLUOCI+POLIMIX.B+NEOMI+LIDO FR 10ML,FLUOCI + POLIMIX B + NEOMI + LIDO FR,10ML,FRASCO,,
FLUOXETINA 20 MG (C1) GEN CX/300 CPR,FLUOXETINA,20 MG,COMPRIMIDO,,
FLUOXETINA 20 MG CX/500 CAPS (G),FLUOXETINA,20 MG,CAPSULA,,
FOSF.SOD. MONOB.+FOST.SOD.DIB 130ML,FOSF SÓDICO MONOB + FOST SÓDICO DIB,130ML,,,
FOSFOENEMA 160+60MG/ML ENEMA CX/12 FR,FOSFOENEMA,60MG/ML,FRASCO,,
FRALDA G GERI DERMA PLUS PCT C/16 FD 64,FRALDA  GERIÁTRICA DERMA PLUS PCT,,,,
FRALDA G GERI PCT C/24 FD 96,FRALDA  GERIÁTRICA PCT,,,,
FRALDA G GERI PCT/08 FD 128,FRALDA  GERIÁTRICA,,,,
FRALDA G GERI REGULAR PLUS PCT C/18 FD 72,FRALDA  GERIÁTRICA REGULAR PLUS PCT,,,,
FRALDA G GERIATRI PCT C/8 FD 80,FRALDA  GERIATRI PCT,,,,
FRALDA G INFANTIL PCT C/60 FD 240,FRALDA  INFANTIL PCT,,,,
FRALDA M GERI DERMA PLUS PCT C/18 FD 72,FRALDA M GERIÁTRICA DERMA PLUS PCT,,,,
FRALDA M GERI PCT C/26 FD 104,FRALDA M GERIÁTRICA PCT,,,,
FRALDA M GERI REGULAR PLUS PCT C/20 FD 80,FRALDA M GERIÁTRICA REGULAR PLUS PCT,,,,
FRALDA M GERIATRI PCT C/26 FD 104,FRALDA M GERIATRI PCT,,,,
FRALDA M INFANTIL  PCT C/70 FD 280,FRALDA M INFANTIL PCT,,,,
FRALDA P GERI DERMA PLUS PCT C/9 FD 72,FRALDA P GERIÁTRICA DERMA PLUS PCT,,,,
FRALDA P GERI PCT C/30 FD 120,FRALDA P GERIÁTRICA PCT,,,,
FRALDA P INFANTIL PCT C/80 FD 320,FRALDA P INFANTIL PCT,,,,
FRALDA XG GERI DERMA PLUS PCT C/7 FD 56,FRALDA XG GERIÁTRICA DERMA PLUS PCT,,,,
FRALDA XG GERI PCT C/24 FD 96,FRALDA XG GERIÁTRICA PCT,,,,
FRALDA XG GERI REGULAR PLUS PCT C/16 FD 64,FRALDA XG GERIÁTRICA REGULAR PLUS PCT,,,,
FRALDA XG GERIATRI PCT 7 UND FD 70,FRALDA XG GERIATRI PCT,,,,
FRALDA XG/GG/EG GERI MASTERSOFT PCT C/7 FD 70,FRALDA XG/GG/EG GERIÁTRICA MASTERSOFT PCT,,,,
FRALDA XG/GG/EG GERI MASTSOFT PCT C/18 FD 72,FRALDA XG/GG/EG GERIÁTRICA MASTSOFT PCT,,,,
FRALDA XG/GG/EG GERI MODERATE PCT C/42 FD 84,FRALDA XG/GG/EG GERIÁTRICA MODERATE PCT,,,,
FRALDA XG/GG/EG GERI PCT /07 FD 112,FRALDA XG/GG/EG GERIÁTRICA PCT /,,,,
FRALDA XG/GG/EG GERI PCT C/22 FD 88,FRALDA XG/GG/EG GERIÁTRICA PCT,,,,
FRALDA XG/GG/EG INFANTIL  PCT C/50 FD 200,FRALDA XG/GG/EG INFANTIL PCT,,,,
FRALDA XXG INFANTIL CALCA/SHORTINHO JUMBO PCT/22 FD 88,FRALDA XXG INFANTIL CALCA/SHORTINHO JUMBO,,,,
FRALDA XXG INFANTIL PCT C/40 FD 160,FRALDA XXG INFANTIL PCT,,,,
FRALDA XXG/EGG INFANTIL  PCT C/40 FD 160,FRALDA XXG/EGG INFANTIL PCT,,,,
FRASCO P/NUTRICÃO ENTERAL 300ML,FRASCO P/NUTRICÃO ENTERAL,300ML,,,
FRASCO P/NUTRIÇÃO ENT 300ML TAMPA CRUZ,FRASCO P/NUTRIÇÃO ENT,300ML,,,
FRASCO P/NUTRIÇÃO ENTERAL 300 ML,FRASCO P/NUTRIÇÃO ENTERAL,300 ML,,,
FRASCO P/NUTRIÇÃO ENTERAL 300ML,FRASCO P/NUTRIÇÃO ENTERAL,300ML,,,
FUROSEMIDA 20MG C/100 AMP. 2ML (G),FUROSEMIDA,20MG,AMPOLA,2ML,
FUROSEMIDA 40 MG CX/500 CPR (G),FUROSEMIDA,40 MG,COMPRIMIDO,,
GABAPENTINA 300MG C/300 CAP *(C-1) (G),GABAPENTINA,300MG,,,
GENCITABINA 200G PÓ INJ FA VD 10 ML GCIB,GENCITABINA,200G,FRASCO-AMPOLA,10 ML,
GENTAMICINA 80 MG 2 ML CX/100 (G),GENTAMICINA,80 MG,,2 ML,
GENTAMICINA 80 MG CX/100 AMP.2 ML,GENTAMICINA,80 MG,AMPOLA,2 ML,
GLIBENCLAMIDA 5 MG CX.C/450 GLICAMIN,GLIBENCLAMIDA,5 MG,,450 G,
GLICLAZIDA 30MG C/500 CPR (I) (G),GLICLAZIDA,30MG,COMPRIMIDO,,
GLICLAZIDA 60MG C/30 CPR (G) LIB PROL,GLICLAZIDA,60MG,COMPRIMIDO,,
GLICOSE 25 %  10 ML CX C/200,GLICOSE,25 %,,10 ML,
GLICOSE 50 % 10 ML CX.C/200,GLICOSE,50 %,,10 ML,
GLICOSE 50 % CX/200 AMP 10 ML,GLICOSE,50 %,AMPOLA,10 ML,
GLIMEPIRIDA 2MG CX/30 CPRS (G),GLIMEPIRIDA,2MG,,,
GLUC. CALCIO 10 % C/200 AMP. 10ML,GLUCONATO CALCIO,10 %,AMPOLA,10ML,
GLUTARALDEIDO 2% 5L,GLUTARALDEIDO,2%,,,
HALOPERIDOL 1MG CX/200 CPRS *(C-1),HALOPERIDOL,1MG,,,HALDOL
HALOPERIDOL 2MG/ML GOTAS 20 ML *(C-1) (G),HALOPERIDOL,2MG/ML,GOTAS,20 ML,HALDOL
HALOPERIDOL 5MG CX/200 CPR (I),HALOPERIDOL,5MG,COMPRIMIDO,,HALDOL
HALOPERIDOL 5MG CX/50 AMP 1ML *(C-1),HALOPERIDOL,5MG,AMPOLA,1ML,HALDOL
"HALOPERIDOL DECAN. 70,52MG/ML C/3 1ML (I)",HALOPERIDOL DECANOATO,"70,52MG/ML",,1ML,HALDOL
"HALOPERIDOL DECAN. 70,52MG/ML C/3 AMP.1ML",HALOPERIDOL DECANOATO,"70,52MG/ML",AMPOLA,1ML,HALDOL
HEPARINA 5000UI C/25 F/A 5ML IV (I),HEPARINA,5000UI,FRASCO-AMPOLA,5ML,
HEPARINA SOD.5000 UI F/A 5ML PARINEX C/50,HEPARINA SÓDICO,5000 UI,FRASCO-AMPOLA,5ML,
"HEPARINA SOD.5000UI AMP 0,25ML SUB-CUT C/50",HEPARINA SÓDICO,5000UI,AMPOLA,"0,25ML",
HIDRALAZINA 20 MG/ML 1ML C/50 NEPRESOL (T),HIDRALAZINA,20 MG/ML,,1ML,
HIDRALAZINA 25MG CPR C/20,HIDRALAZINA,25MG,COMPRIMIDO,,
HIDRALAZINA 50 MG CPR C/20,HIDRALAZINA,50 MG,COMPRIMIDO,,
HIDROCLOROTIAZIDA 25MG C/500 CPR (G),HIDROCLOROTIAZIDA,25MG,COMPRIMIDO,,
HIDROCORTISONA 100MG C/50 F/A (G),HIDROCORTISONA,100MG,FRASCO-AMPOLA,,
HIDROCORTISONA 500 MG S/D (G) C/50 F/A,HIDROCORTISONA,500 MG,FRASCO-AMPOLA,,
HIDROCORTISONA 500MG CX/50 F/A ANDROCORTIL,HIDROCORTISONA,500MG,FRASCO-AMPOLA,,
HIDROXIDO ALUMINIO FR. 100ML ALUMIMAX,HIDROXIDO ALUMINIO FR,100ML,FRASCO,,
HIDROXIUREIA 500MG C/100 CAP (G),HIDROXIUREIA,500MG,,,
HIOSCINA  10 MG CX/20 COMP,ESCOPOLAMINA,10 MG,COMPRIMIDO,,BUTILECOPOLAMINA
HIOSCINA + DIPIRONA 250+10MG C/20 CPR,ESCOPOLAMINA + DIPIRONA,10MG,COMPRIMIDO,,METAMIZOL
HIOSCINA 10MG/ML GTS FR 20ML (G),ESCOPOLAMINA,10MG/ML,FRASCO,20ML,BUTILECOPOLAMINA
HIOSCINA 20 MG 1ML C/100 (G),ESCOPOLAMINA,20 MG,,1ML,BUTILECOPOLAMINA
HIOSCINA+DIPIRONA C/100 AMP.5ML (G),ESCOPOLAMINA + DIPIRONA,5ML,AMPOLA,,METAMIZOL
HIOSCINA+DIPIRONA GTS FR 20 ML,ESCOPOLAMINA + DIPIRONA GTS FR,20 ML,FRASCO,,METAMIZOL
HIOSCINA+DIPIRONA GTS FR 20ML C/200 (G),ESCOPOLAMINA + DIPIRONA GTS FR,20ML,FRASCO,,METAMIZOL
IBUPROFENO 100MG/ML GTS 20ML (G) C/50,IBUPROFENO,100MG/ML,GOTAS,20ML,
IBUPROFENO 300MG C/500 CPR IBUVIX,IBUPROFENO,300MG,COMPRIMIDO,,
IBUPROFENO 50MG/ML GTS 30ML (G),IBUPROFENO,50MG/ML,GOTAS,30ML,
IBUPROFENO 600MG CX/500 CPRS (G),IBUPROFENO,600MG,,,
IMIPRAMINA 25 MG CX/200 CPRS *(C-1),IMIPRAMINA,25 MG,,,
ISOFLURANO 100 ML *(C-1),ISOFLURANO,100 ML,,,
ISOSSORBIDA 10MG/ML C/50 AMP 1 ML,ISOSSORBIDA,10MG/ML,AMPOLA,1 ML,
ISOSSORBIDA 5MG SL C/30 CPR ISORDIL,ISOSSORBIDA,5MG,COMPRIMIDO,,
ISOTRETINOINA 20MG CX/500 CAPS (G),ISOTRETINOINA,20MG,CAPSULA,,
ITRACONAZOL 100MG C/250 CAPS TRAXONOL,ITRACONAZOL,100MG,CAPSULA,,
LACTULOSE XP 667MG/ML C/120ML AMEIXA,LACTULOSE XAROPE,667MG/ML,,120ML,
LAMOTRIGINA 100MG CX C/30CPR *(C1),LAMOTRIGINA,100MG,,,
LAMOTRIGINA 25 MG C/30 CPR (G),LAMOTRIGINA,25 MG,COMPRIMIDO,,
"LATANOPROSTA 0,05MG/ML OFT. FR 2,5ML(T)",LATANOPROSTA,"0,05MG/ML",FRASCO,"2,5ML",
"LATANOPROSTA+TIMOL.50MCG+5MG /ML 2,5ML (T)",LATANOPROSTA + TIMOL,50MCG,,5MG,
"LENCOL C/ELASTICO 2X0,90",LENCOL,,,,
"LENCOL S/ELASTICO 2X0,90 ",LENCOL /ELASTICO,,,,
LEVETIRACETAM 750MG C/30 CPR (G),LEVETIRACETAM,750MG,COMPRIMIDO,,
"LEVOBUPIVACAINA 0,5% C/V 20ML NOVABUPI (T)",LEVOBUPIVACAINA,"0,5%",,20ML,
LEVODOPA+CARBIDOPA 250MG+25MG C/200 CPR,LEVODOPA + CARBIDOPA,250MG,COMPRIMIDO,25MG,
LEVOFLOXACINO 500 MG CX/10 COM (G),LEVOFLOXACINO,500 MG,,,
LEVOFLOXACINO INJ 5MG/ML (G) BOL 100ML,LEVOFLOXACINO INJETÁVEL,5MG/ML,,100ML,
"LEVOFLOXACINO INJ, 5 MG/ML 150 ML C/5",LEVOFLOXACINO INJETÁVEL,5 MG/ML,,150 ML,
LEVOMEPROMAZINA 100MG (*C-1)G C/200 COMP,LEVOMEPROMAZINA,100MG,COMPRIMIDO,,
LEVOMEPROMAZINA 25MG (*C-1) C/200 CPRS,LEVOMEPROMAZINA,25MG,,,
LEVOMEPROMAZINA 4% 20 ML (*C) LEVOZINE,LEVOMEPROMAZINA,4%,,20 ML,
"LEVONORG.0,15MG+ETINIL.0,03MG CX/63 CPR",LEVONORG,"0,15MG",COMPRIMIDO,"0,03MG",
"LEVONORGESTREL 1,5 MG CPR C/1",LEVONORGESTREL,"1,5 MG",COMPRIMIDO,,
"LEVOSIMENDANA 2,5MG/ML 5ML (I)",LEVOSIMENDANA,"2,5MG/ML",,5ML,
LEVOTIROXINA 100MCG C/30 (I) (G),LEVOTIROXINA,100MCG,,,
LEVOTIROXINA 100MCG C/30 CPR (G),LEVOTIROXINA,100MCG,COMPRIMIDO,,
LEVOTIROXINA 150MG C/50,LEVOTIROXINA,150MG,,,
LEVOTIROXINA 25MCG C/30 (I) (G),LEVOTIROXINA,25MCG,,,
LEVOTIROXINA 25MCG C/50 CPR (I),LEVOTIROXINA,25MCG,COMPRIMIDO,,
LEVOTIROXINA 50MCG C/30 (I) (G),LEVOTIROXINA,50MCG,,,
LEVOTIROXINA 50MCG C/30 CPR (G),LEVOTIROXINA,50MCG,COMPRIMIDO,,
LEVOTIROXINA 75MCG C/30 CPR (G),LEVOTIROXINA,75MCG,COMPRIMIDO,,
LIDOCAINA 10 % SPRAY 50ML (G),LIDOCAINA,10 %,,50ML,
LIDOCAINA 2% C/V CX/25 FR.20ML HYPOCAINA,LIDOCAINA,2%,FRASCO,20ML,
LIDOCAINA 2% GELEIA 10G EST. CX/10 BIS,LIDOCAINA,2%,,10G,
LIDOCAINA 2% GELEIA 30GR C/10 BIS,LIDOCAINA,2%,,30G,
LIDOCAINA 2% S/V C/100 AMP.5ML (G),LIDOCAINA,2%,AMPOLA,5ML,
LIDOCAINA 2% S/V F/A 20ML EST,LIDOCAINA,2%,FRASCO-AMPOLA,20ML,
LIDOCAINA 2% S/V. CX/25 F/A. 20 ML (G),LIDOCAINA,2%,FRASCO-AMPOLA,20 ML,
LISDEXANFETAMINA 30 MG CAP C/30 (G),LISDEXANFETAMINA,30 MG,,,
LORATADINA 10MG C/12 CPR,LORATADINA,10MG,COMPRIMIDO,,
LORATADINA 1MG/ML FR 100ML,LORATADINA,1MG/ML,FRASCO,100ML,
LOSARTANA POTASSICA 50 MG (G) C/30,LOSARTANA POTASSICA,50 MG,,,
LOSARTANA POTASSICA 50MG CX/30 CPR (G),LOSARTANA POTASSICA,50MG,COMPRIMIDO,,
"LUVA CIR.EST.TAM 7,0 C/PO C/200 PAR",LUVA CIR ESTÉRIL TAM,,PO,,
"LUVA CIR.EST.TAM 8,0 C/200 PAR",LUVA CIR ESTÉRIL TAM,,,,
"LUVA CIRÚRGICA ESTÉRIL 7,5 PAR",LUVA CIRÚRGICA ESTÉRIL,,,,
"LUVA MAX TOUCH ESTERIL TAM 7,0",LUVA MAX TOUCH ESTERIL TAM,,,,
LUVA PROC NITRILICA S/PO AZUL G C/100 UND,LUVA PROC NITRILICA /PO AZUL,,PO,,
LUVA PROC NITRILICA S/PO AZUL M C/100 UND,LUVA PROC NITRILICA /PO AZUL M,,PO,,
LUVA PROC NITRILICA S/PO AZUL P C/100 UND,LUVA PROC NITRILICA /PO AZUL P,,PO,,
LUVA PROC.N/EST TAM G C/100 PREMIUM,LUVA PROC N/ESTÉRIL TAM,,,,
LUVA PROC.N/EST TAM M C/100  (I),LUVA PROC N/ESTÉRIL TAM M,,,,
LUVA PROC.N/EST.TAM P C/100 PREMIUM,LUVA PROC N/ESTÉRIL TAM P,,,,
MASCARA DESC. TRIPLA CAMADA PROT. FACIAL,MASCARA DESCARTÁVEL TRIPLA CAMADA PROT FACIAL,,,,
MASCARA DESC.C/ELAST.TRIPLA BRANCA C/50,MASCARA DESCARTÁVEL,,,,
MEROPENEN 1G C/25 F/A (G),MEROPENEN,1G,FRASCO-AMPOLA,,
MEROPENEN 500G C/10 (I) (G),MEROPENEN,500G,,,
MEROPENEN 500MG C/25 F/A (G),MEROPENEN,500MG,FRASCO-AMPOLA,,
METADONA 10MG/ML C/25 F/A 1 ML MYTEDOM,METADONA,10MG/ML,FRASCO-AMPOLA,1 ML,
METARAMINOL 10MG/ML C/25 AMP 1ML ARAMIN,METARAMINOL,10MG/ML,AMPOLA,1ML,
METFORMINA 500MG C/30 CPR (G),METFORMINA,500MG,COMPRIMIDO,,
METFORMINA 500MG CX/200  CPRS (G),METFORMINA,500MG,,,
METFORMINA 850 MG C/500 CPR (G),METFORMINA,850 MG,COMPRIMIDO,,
METILDOPA 250 MG C/500 CPR (G),METILDOPA,250 MG,COMPRIMIDO,,
METILDOPA 500 MG CX/500 CPR (G),METILDOPA,500 MG,COMPRIMIDO,,
"METILERGOMETRINA 0,2MG 1ML C/50",METILERGOMETRINA,"0,2MG",,1ML,
METILPREDNISOLONA 125 MG 2ML C/25 (G) DIL,METILPREDNISOLONA,125 MG,,2ML,
METILPREDNISOLONA 500 MG 1 F/A 8 ML (I),METILPREDNISOLONA,500 MG,FRASCO-AMPOLA,8 ML,
METOCLOPRAMIDA 10MG CX/240 AMP.2 ML,METOCLOPRAMIDA,10MG,AMPOLA,2 ML,
METOCLOPRAMIDA 4MG/ML 10 ML C/200,METOCLOPRAMIDA,4MG/ML,,10 ML,
METOPROLOL 1MG/ML C/5 AMP 5ML,METOPROLOL,1MG/ML,AMPOLA,5ML,
METOPROLOL 5MG C/10 AMP 5ML BETACRIS,METOPROLOL,5MG,AMPOLA,5ML,
METOPROLOL SUCCINATO  25MG cxc/30 generico,METOPROLOL SUCCINATO,25MG,,30 G,
METOPROLOL SUCCINATO 100MG C/30 (I) (G),METOPROLOL SUCCINATO,100MG,,,
METOPROLOL SUCCINATO 50MG C/30 (I) (G),METOPROLOL SUCCINATO,50MG,,,
METRONIDAZOL (G) 100MG GEL VAG 50G C/50,METRONIDAZOL (),100MG,GEL,50G,
"METRONIDAZOL 0,5% INJ C/60 BOL 100ML SF (G)",METRONIDAZOL,"0,5%",,100ML,
METRONIDAZOL 250MG C/600 CPRS (G),METRONIDAZOL,250MG,,,
METRONIDAZOL 4% SUSP 120ML (G),METRONIDAZOL,4%,,120ML,
MICONAZOL 20MG/G CR.DERM.28G CX 50 BG,MICONAZOL,20MG,,28G,
MICONAZOL 20MG/G CR.VAG. 80G +APL,MICONAZOL,20MG,,80G,
MICONAZOL LOC 20MG/G 30ML,MICONAZOL LOC,20MG,,30ML,
MIDAZOLAM 1MG/ML AMP 5ML CX/100 (G),MIDAZOLAM,1MG/ML,AMPOLA,5ML,DORMONID
MIDAZOLAM 5MG/ML AMP 10ML CX/100 (G),MIDAZOLAM,5MG/ML,AMPOLA,10ML,DORMONID
MIDAZOLAM 5MG/ML AMP 3ML CX/100 (G),MIDAZOLAM,5MG/ML,AMPOLA,3ML,DORMONID
MIDAZOLAN 15 MG CX/20 CPR *(B-1),MIDAZOLAN,15 MG,COMPRIMIDO,,
MIDAZOLAN 5MG/ML CX/5 AMP 10M (G) (*B1),MIDAZOLAN,5MG/ML,AMPOLA,,
MIRTAZAPINA 30MG C/30 CPR (G),MIRTAZAPINA,30MG,COMPRIMIDO,,
MONITOR DE GLICOSE ON CALL PLUS,MONITOR DE GLICOSE ON CALL PLUS,,,,
MONTELUCASTE DE SODIO 10MG CX/30 CPR (G),MONTELUCASTE DE SODIO,10MG,COMPRIMIDO,,
MONTELUCASTE DE SODIO 5MG CX/30 CPR (G),MONTELUCASTE DE SODIO,5MG,COMPRIMIDO,,
"MORFINA 0,1MG/ML C/50 AMP.1ML *(A1) DIMORF",MORFINA,"0,1MG/ML",AMPOLA,1ML,
"MORFINA 0,2MG/ML C/50 AMP.1ML *(A1) DIMORF",MORFINA,"0,2MG/ML",AMPOLA,1ML,
MORFINA 10 MG CX/50 COMP *(A1) DIMORF,MORFINA,10 MG,COMPRIMIDO,,
MORFINA 10MG/ML CX/100 AMP 1ML *(A-1) (G),MORFINA,10MG/ML,AMPOLA,1ML,
MORFINA 1MG/ML CX/50 AMP 2 ML *(A1) DIMORF,MORFINA,1MG/ML,AMPOLA,2 ML,
MORFINA 30 MG CX/50 C0MP. *(A1) DIMORF,MORFINA,30 MG,,,
MUPIROCINA 2% CREME BIS 15G (G),MUPIROCINA,2%,,15G,
NALBUFINA 10MG/ML 1ML *(A-2) C/25 NUBAIN,NALBUFINA,10MG/ML,,1ML,
"NALOXONA 0,4MG/ML 1ML *(C-1) C/50 (G)",NALOXONA,"0,4MG/ML",,1ML,
NALTREXONA 50MG C/30 CPR (I),NALTREXONA,50MG,COMPRIMIDO,,
NEOMICINA+BACITRACINA 10G BIS,NEOMICINA + BACITRACINA,10G,,,
"NEOSTIGMINA 0,5MG/ML C/50 1ML NORMASTIG",NEOSTIGMINA,"0,5MG/ML",,1ML,
NIFEDIPINA 20 MG C/30 CPR NEOFEDIPINA,NIFEDIPINA,20 MG,COMPRIMIDO,,
NIFEDIPINA RETARD 20MG CX/500 NIFEDIPRESS,NIFEDIPINA RETARD,20MG,,,
NIFEDIPINO 10MG C/30 CPR NEOFEDIPINA,NIFEDIPINO,10MG,COMPRIMIDO,,
NIMESULIDA 100 MG CX/600 CPR (G),NIMESULIDA,100 MG,COMPRIMIDO,,
NINTEDANIBE 150MG C/60 CAP,NINTEDANIBE,150MG,,,
NISTATINA 100.000UI 50ML C/50 C/SABOR (G),NISTATINA,100.000UI,,50ML,
NISTATINA 25.000UI/G CR.VAG 60 G+APLIC (G),NISTATINA,25.000UI,,60 G,
NISTATINA+OXIDO DE ZINCO 60G POM (G),NISTATINA + OXIDO DE ZINCO,60G,POMADA,,
NITROGLICERINA 25 MG 5ML TRIDI C/10 AMP.,NITROGLICERINA,25 MG,AMPOLA,5ML,
NITROGLICERINA 50 MG 10ML C/10 TRIDIL,NITROGLICERINA,50 MG,,10ML,
NITROPRUSSIATO SODIO  25MG/ML C/5 AMP 2 ML,NITROPRUSSIATO SODIO,25MG/ML,AMPOLA,2 ML,
NOREPINEFRINA 8MG INJ 4ML C/50 AMP (G),NOREPINEFRINA,8MG,AMPOLA,4ML,
NOREST.+VAL.ESTRADIOL (G) 1ML C/ SER.,NOREST + VAL ESTRADIOL (),1ML,,,
NORTRIPTILINA 25MG *(C1) CX/60 CAPS,NORTRIPTILINA,25MG,CAPSULA,,
NORTRIPTILINA 25MG CX/30 *(C1) (I) (G),NORTRIPTILINA,25MG,,,
NORTRIPTILINA 50MG CX/30 *(C1) (I) (G),NORTRIPTILINA,50MG,,,
NORTRIPTILINA 75MG CX/30 CAP (C1) (I) (G),NORTRIPTILINA,75MG,,,
"OCTREOTIDA 0,1MG/ML  INJ 5 AMP  C/1ML (T)",OCTREOTIDA,"0,1MG/ML",AMPOLA,1ML,
OLANZAPINA 10MG C/30 CPRS (G),OLANZAPINA,10MG,,,
OLANZAPINA 5MG C/ 30CPRS (G),OLANZAPINA,5MG,,,
OLEO MINERAL 100% LIQ.100ML C/50 MINEROLEO,OLEO MINERAL,100%,,100ML,
OLEO MINERAL 100MG/ML FR.100 ML,OLEO MINERAL,100MG/ML,FRASCO,100 ML,
OMEPRAZOL 20 MG FRASCO C/56 CAP (G),OMEPRAZOL,20 MG,,,
OMEPRAZOL 40MG C/20 F/A 10ML + DIL (G),OMEPRAZOL,40MG,FRASCO-AMPOLA,10ML,
ONDANSETRONA 4MG CX/100 AMP 2ML (G),ONDANSETRONA,4MG,AMPOLA,2ML,
ONDANSETRONA 4MG CX/30 SUB-L VONAU FLASH,ONDANSETRONA,4MG,,,
ONDANSETRONA 8 MG C/30 CPR,ONDANSETRONA,8 MG,COMPRIMIDO,,
ONDANSETRONA 8MG  CX/100 AMP (G) 4ML,ONDANSETRONA,8MG,AMPOLA,4ML,
OXACILINA 500 MG CX/100 F/A OXANON,OXACILINA,500 MG,FRASCO-AMPOLA,,
OXCARBAZEPINA 300MG C/60 CPR (*C1) (G),OXCARBAZEPINA,300MG,COMPRIMIDO,,
OXCARBAZEPINA 600MG C/30 CPR (*C1),OXCARBAZEPINA,600MG,COMPRIMIDO,,
OXCARBAZEPINA SUSP. 6% *(C1) 100ML+SER.,OXCARBAZEPINA SUSPENSÃO,6%,,100ML,
"OXIBUPROCAINA 0,4% 10 ML COLIRIO",OXIBUPROCAINA,"0,4%",,10 ML,
OXITOCINA 5 UI/ML 1 ML  CX/50 (G) ( T ),OXITOCINA,5 UI,,1 ML,
P.V.P.I. DEGERMANTE 10% 1 LT,P V P  DEGERMANTE,10%,,,
P.V.P.I. DEGERMANTE 100ML ALMOTOLIA,P V P  DEGERMANTE,100ML,,,
P.V.P.I. TINTURA 10% 100ML ALC ALMOTOLIA,P V P  TINTURA,10%,,100ML,
P.V.P.I. TOPICO 10% - AQUOSO 1 LT,P V P  TOPICO,10%,,,
P.V.P.I. TOPICO AQUOSO FR 100ML,P V P  TOPICO AQUOSO FR,100ML,FRASCO,,
PAMIDRONATO 60MG/ML CX/5 F/A 10ML,PAMIDRONATO,60MG/ML,FRASCO-AMPOLA,10ML,
PANCURONIO 2MG/ML 2ML CX.C/50 PANCUR (T),PANCURONIO,2MG/ML,,2ML,
PANTOPRAZOL 20 MG CX/28 CPR (G),PANTOPRAZOL,20 MG,COMPRIMIDO,,
PANTOPRAZOL 40 MG C/20 F/A+DI 10ML IV (G),PANTOPRAZOL,40 MG,FRASCO-AMPOLA,10ML,
PANTOPRAZOL 40 MG CX/28 (G),PANTOPRAZOL,40 MG,,,
PANTOPRAZOL 40 MG F/A CX 25,PANTOPRAZOL,40 MG,FRASCO-AMPOLA,,
PANTOPRAZOL 40MG C/42 CPR (G),PANTOPRAZOL,40MG,COMPRIMIDO,,
PARACETAMOL 10MG/ML SF 100ML C/10 BOLSA,PARACETAMOL,10MG/ML,BOLSA,100ML,ACETAMINOFENO
PARACETAMOL 10MG/ML SF 50ML C/10 BOLSA,PARACETAMOL,10MG/ML,BOLSA,50ML,ACETAMINOFENO
PARACETAMOL 200MG/ML C/100 10ML (G),PARACETAMOL,200MG/ML,,10ML,ACETAMINOFENO
PARACETAMOL 200MG/ML C/100 15ML,PARACETAMOL,200MG/ML,,15ML,ACETAMINOFENO
PARACETAMOL 200MG/ML FR 15ML,PARACETAMOL,200MG/ML,FRASCO,15ML,ACETAMINOFENO
PARACETAMOL 500 MG C/500 CPR,PARACETAMOL,500 MG,COMPRIMIDO,,ACETAMINOFENO
PARACETAMOL 500MG+CODEINA 30MG C/24 (A1) (G),PARACETAMOL,500MG,,30MG,ACETAMINOFENO
PARACETAMOL 750MG C/480 CPRS,PARACETAMOL,750MG,,,ACETAMINOFENO
PAROXETINA 20MG *(C-1) CX/30 CPR,PAROXETINA,20MG,COMPRIMIDO,,
PENIC.G.POTASSICA 5.000.000 U CX/50 F/A,PENIC  POTASSICA,,FRASCO-AMPOLA,,
PENIC.PROC.400.000UI C/100 F/ PENKARON,PENIC PROC,400.000UI,,,
PERMETRINA 5 % 60ML S/PENTE C/50 FR,PERMETRINA,5 %,FRASCO,60ML,
"PILOCARPINA 2,0% SOL. OFT 10ML PILOCAN",PILOCARPINA,"2,0%",SOLUCAO,10ML,
"PIPERACILINA+TAZOBACTAM 4,5G C/10 F/A (I)",PIPERACILINA + TAZOBACTAM,"4,5G",FRASCO-AMPOLA,,
POLIMIXINA.B 500.000UI C/25 (G),POLIMIXINA B,500.000UI,,,
POLIMIXINA.B 500.000UI C/5 FR SPOX,POLIMIXINA B,500.000UI,FRASCO,,
PREDNISOLONA 10 MG/ML 5 ML,PREDNISOLONA,10 MG/ML,,5 ML,
PREDNISOLONA 3MG/ML XPE FR 120ML (G),PREDNISOLONA,3MG/ML,XAROPE,120ML,
PREDNISOLONA 3MG/ML XPE FR.60M C/50 (G),PREDNISOLONA,3MG/ML,XAROPE,,
PREDNISONA 20 MG CX/20 CPR (G),PREDNISONA,20 MG,COMPRIMIDO,,
PREDNISONA 5 MG CX/20 CPR (G),PREDNISONA,5 MG,COMPRIMIDO,,
PREGABALINA 150MG CX/28 CAP (G),PREGABALINA,150MG,,,
PREGABALINA 75 MG C/30 (G),PREGABALINA,75 MG,,,
PREGABALINA 75MG CX/28 CAP (I) (G),PREGABALINA,75MG,,,
PROMETAZINA 25 MG CX/200 COMP,PROMETAZINA,25 MG,COMPRIMIDO,,
PROMETAZINA 50MG 2ML CX.C/100 PROMETAZOL,PROMETAZINA,50MG,,2ML,
PROPILRACIL 100MG C/30 CPRS,PROPILRACIL,100MG,,,
PROPOFOL 10 MG/ML CX/5 AMP 10 ML  ( T ),PROPOFOL,10 MG/ML,AMPOLA,10 ML,
PROPOFOL 10MG/ML CX/10 AMP. 20 ML,PROPOFOL,10MG/ML,AMPOLA,20 ML,
PROPRANOLOL 40 MG C/500 CPR  (G),PROPRANOLOL,40 MG,COMPRIMIDO,,
PROPRANOLOL 40MG CX/500 SANPRONOL,PROPRANOLOL,40MG,,,
QUETIAPINA 25 MG *(C-1) C/200 CPR (G),QUETIAPINA,25 MG,COMPRIMIDO,,
REMIFENTANILA 2MG F/A C/5 AMP (T),REMIFENTANILA,2MG,AMPOLA,,
"RETINOL+AMINO+MATIONI+CLORANI POM OFT 3,5G",RETINOL + AMINO + MATIONI + CLORANI POM OFTÁLMICO,"3,5G",POMADA,,
RISPERIDONA 1 MG CX/200 CPR *(C1) (S),RISPERIDONA,1 MG,COMPRIMIDO,,
RISPERIDONA 1 MG SOL 30ML *(C1 C/10 FR,RISPERIDONA,1 MG,FRASCO,30ML,
RISPERIDONA 2 MG CX/200 CPR *(C1),RISPERIDONA,2 MG,COMPRIMIDO,,
RISPERIDONA 3 MG CX/200 CPR *(C-1) (S),RISPERIDONA,3 MG,COMPRIMIDO,,
RISPERIDONA 3MG C/30 CPR *(C1) (G),RISPERIDONA,3MG,COMPRIMIDO,,
RIVAROXABANA 10MG CX/30 CPR,RIVAROXABANA,10MG,COMPRIMIDO,,
ROCURONIO 10MG/ML 5ML C/25 (S)  ( T ),ROCURONIO,10MG/ML,,5ML,
ROPIVACAINA 10MG/ML 20ML C/5 AMP ROPI,ROPIVACAINA,10MG/ML,AMPOLA,20ML,
ROPIVACAÍNA 10MG/ML 20ML C/25 (G),ROPIVACAÍNA,10MG/ML,,20ML,
ROSUVASTATINA CALCICA 10MG C/30 (I) (G),ROSUVASTATINA CALCICA,10MG,,,
ROSUVASTATINA CALCICA 10MG CX/ 90 CPR (G),ROSUVASTATINA CALCICA,10MG,COMPRIMIDO,,
ROSUVASTATINA CALCICA 20MG C/30 CPR (G),ROSUVASTATINA CALCICA,20MG,COMPRIMIDO,,
SAC.HIDRÓX. FERRICO 20MG/ML5ML CX/50,SAC HIDRÓX FERRICO,20MG/ML,,5ML,
SACCHAROMYCES BOULARDII 100MG C/12 CAP,SACCHAROMYCES BOULARDII,100MG,,,
SACCHAROMYCES BOULARDII 200MG C/4 SACH 1G,SACCHAROMYCES BOULARDII,200MG,,1G,
"SAIS P/REHIDRAT.ORAL C/50 ENV.27,9GR.",SAIS P/REHIDRAT ORAL,"27,9G",ENVELOPE,,
"SALBUTAMOL 0,48 MG/ML 120 ML FR  (G)",SALBUTAMOL,"0,48 MG/ML",FRASCO,120 ML,ALBUTEROL
"SALBUTAMOL 0,5MG/ML CX/100 AMP.1 ML (G)",SALBUTAMOL,"0,5MG/ML",AMPOLA,1 ML,ALBUTEROL
SALBUTAMOL 100MCG SPR C/200DOS (I),SALBUTAMOL,100MCG,,,ALBUTEROL
SAPATILHA DESC. BRANCA PCT/ 100 UND,SAPATILHA DESCARTÁVEL BRANCA,,,,
SAPATILHA PROPE C/100 PCT,SAPATILHA PROPE,,,,
"SENNA ALEX+CASSIA FISTULA 130G 5,8+3,9MG/G",SENNA ALEX + CASSIA FISTULA,130G,,"3,9MG",
"SERINGA 0,5 ML C/AGULHA 8,0 X 0,30 P/INSULINA",SERINGA,"0,5 ML",,,
"SERINGA 1 ML C/AGULHA LOCK 13X4,5",SERINGA,1 ML,,,
SERINGA 10 ML C/AGULHA 25 X 7 SLIP,SERINGA,10 ML,,,
SERINGA 20 ML C/AGULHA LOCK,SERINGA,20 ML,,,
SERINGA 3 ML C/AGULHA LOCK,SERINGA,3 ML,,,
SERINGA 5 ML C/AGULHA LOCK,SERINGA,5 ML,,,
SERINGA 60 ML S/AGULHA LOCK,SERINGA,60 ML,,,
SERTRALINA 50 MG CX/490 COM *(C-1) (G),SERTRALINA,50 MG,,,
SERTRALINA 50 MG CX/500 COMP. (C1) (I) (G),SERTRALINA,50 MG,COMPRIMIDO,,
SEVOFLURANO FR. 250 ML GENERIC *(C-1),SEVOFLURANO FR,250 ML,FRASCO,,
SIMETICONA GTS 75MG 10ML C/200 FR,SIMETICONA GTS,75MG,FRASCO,10ML,
SIMETICONA/DIMETICONA 40MG C/500 CPR,SIMETICONA/DIMETICONA,40MG,COMPRIMIDO,,SIMETICONA
SINVASTATINA 20MG C/150 CPR (G),SINVASTATINA,20MG,COMPRIMIDO,,
SINVASTATINA 40MG C/600 CPR (G),SINVASTATINA,40MG,COMPRIMIDO,,
SOL.FISIOL.NASAL 9 MG/ML 30ML NASOLI C/100,SOL FISIOL NASAL,9 MG/ML,SOLUCAO,30ML,
SOL.MANITOL 20 %  250 ML CX 50 BOLSAS,SOL MANITOL,20 %,SOLUCAO,250 ML,
SOL.RINGER C/LACTATO SIST.FEC FR.500 ML,SOL RINGER,500 ML,FRASCO,,
SONDA NASO CURTA N.06,SONDA NASOENTERAL CURTA N,,,,
SONDA P/ASPIR.TRAQUEAL N.12,SONDA P/ASPIR TRAQUEAL N,,,,
SONDA URETRAL N.12,SONDA URETRAL N,,,,
"SORO FISIOLOGICO 0,9 % SF C/50 FR 250 ML",SORO FISIOLOGICO,"0,9 %",FRASCO,250 ML,
"SORO FISIOLOGICO 0,9 % SF C/60 FR 100 ML",SORO FISIOLOGICO,"0,9 %",FRASCO,100 ML,
"SORO FISIOLOGICO 0,9 % SF FR 500 ML",SORO FISIOLOGICO,"0,9 %",FRASCO,500 ML,
"SORO FISIOLOGICO 0,9% SF 100ML C/100 BOLSAS",SORO FISIOLOGICO,"0,9%",,100ML,
"SORO FISIOLOGICO 0,9% SF BOLSA 1000ML",SORO FISIOLOGICO,"0,9%",BOLSA,1000ML,
SORO GLICOSADO 5% CX/60 100ML SF,SORO GLICOSADO,5%,,100ML,
SORO GLICOSADO 5% SIST.FECHADO FR.500 ML,SORO GLICOSADO,5%,FRASCO,500 ML,
SUCCINATO DE SOLIFENACINA 5MG CX/30CPR,SUCCINATO DE SOLIFENACINA,5MG,,,
SUFENTANILA 50MCG/ML 1ML C/25 AMP,SUFENTANILA,50MCG,AMPOLA,1ML,
SUFENTANILA 5MCG/ML 2ML CX/30 AMP,SUFENTANILA,5MCG,AMPOLA,2ML,
SUGAMADEX 100 MG/ML 2ML F/A C/10,SUGAMADEX,100 MG/ML,FRASCO-AMPOLA,2ML,
SULFA+TRIMETOPRIMA 400MG+80MG C/240CPR (G),SULFAMETOXAZOL + TRIMETOPRIMA,400MG,,80MG,
SULFA+TRIMETOPRIMA 5ML CX.50 BACSULFITRIN,SULFAMETOXAZOL + TRIMETOPRIMA,5ML,,,
SULFA+TRIMETOPRIMA SUSP. 100 ML (G),SULFAMETOXAZOL + TRIMETOPRIMA SUSPENSÃO,100 ML,,,
SULFADIAZINA PRATA 10MG PT 400G (G),SULFADIAZINA PRATA,10MG,,400G,
SULFADIAZINA PRATA 10MG/ BIS 30G (G),SULFADIAZINA PRATA,10MG,,30G,
SULFATO FERROSO 125MG/ML 30ML,SULFATO FERROSO,125MG/ML,,30ML,
SULFATO FERROSO 40MG CX/100 (I),SULFATO FERROSO,40MG,,,
SULFATO MAGNESIO 10 % 10ML CX.C/200 AMP,SULFATO MAGNESIO,10 %,AMPOLA,10ML,
SULFATO MAGNESIO 50 % 10ML CX.C/200 AMP,SULFATO MAGNESIO,50 %,AMPOLA,10ML,
SULFATO MAGNESIO 50 % CX/200 AMP.10 ML,SULFATO MAGNESIO,50 %,AMPOLA,10 ML,
SUNITINIBE 25MG CAP C/28,SUNITINIBE,25MG,,,
SUPLEMENTO ALIMENTAR 340 MG CX/510 CPR,SUPLEMENTO ALIMENTAR,340 MG,COMPRIMIDO,,
SUPORTE DE CAMA REGULAVEL P/ FR. 500ML,SUPORTE DE CAMA REGULAVEL P/ FR,500ML,FRASCO,,
SUXAMETONIO 100MG F/A SUCCINIL,SUXAMETONIO,100MG,FRASCO-AMPOLA,,
SUXAMETÔNIO  500 MG F/A,SUXAMETÔNIO,500 MG,FRASCO-AMPOLA,,
TEICOPLANINA 400 MG + DIL 3ML (I),TEICOPLANINA,400 MG,,3ML,
TEMOZOLAMIDA 20MG C/5 CPR,TEMOZOLAMIDA,20MG,COMPRIMIDO,,
TEMOZOLOMIDA 100MG C/5 CPR (G),TEMOZOLOMIDA,100MG,COMPRIMIDO,,
TENOXICAN 20 MG IV/IM C/50 F/A +DIL 2ML (G),TENOXICAN,20 MG,FRASCO-AMPOLA,2ML,
TENOXICAN 20 MG IV/IM C/50 F/A TEFLAN,TENOXICAN,20 MG,FRASCO-AMPOLA,,
TENOXICAN 40 MG CX50 F/A IV/IM TEFLAN,TENOXICAN,40 MG,FRASCO-AMPOLA,,
TENOXICAN 40MG IV/IM C/50 F/A +DIL 2ML (G),TENOXICAN,40MG,FRASCO-AMPOLA,2ML,
"TERBUTALINA SULF.0,5MG/ML 1ML C/100AMP (G)",TERBUTALINA SULFATO,"0,5MG/ML",,1ML,
TIAMINA 100MG CX/100 AMP X 1ML,TIAMINA,100MG,AMPOLA,1ML,
TIAMINA 300MG CX C/600 CPR NERVAMIN,TIAMINA,300MG,COMPRIMIDO,,
TIGECICLINA 50 MG  PO LIOF INJ 10 FA,TIGECICLINA,50 MG,FRASCO-AMPOLA,,
"TIMOLOL 0,5% SOL. OFT. 5 ML",TIMOLOL,"0,5%",SOLUCAO,5 ML,
TIORIDAZINA 100 MG CX/20 CP(*C UNITIDAZIN,TIORIDAZINA,100 MG,,,
TIORIDAZINA 50 MG CX/20 CP(*C) UNITIDAZIN,TIORIDAZINA,50 MG,,,
TOALHA UMEDECIDA PCT C/10,TOALHA UMEDECIDA PCT,,,,
TOBRAMICINA 3MG/ML OFT 5ML,TOBRAMICINA,3MG/ML,OFTALMICO,5ML,
TOPIRAMATO 100MG C/60 CPR *(C-1) (G),TOPIRAMATO,100MG,COMPRIMIDO,,
TOPIRAMATO 25MG *(C-1) CX/60 CPR (G),TOPIRAMATO,25MG,COMPRIMIDO,,
TOPIRAMATO 50MG (*C-1) C/60 CPR (G),TOPIRAMATO,50MG,COMPRIMIDO,,
TORNEIRA 03 VIAS LUER LOCK,TORNEIRA,,,,
TOUCA DESC TNT 10G PCT/100 (I),TOUCA DESCARTÁVEL TNT,10G,,,
TOUCA DESC TNT 20G C/100 PCT,TOUCA DESCARTÁVEL TNT,20G,,,
TOUCA DESC TNT SANFONADA C/ELAST. PCT C/100,TOUCA DESCARTÁVEL TNT SANFONADA,,,,
TRAMADOL  50 MG  CX/100 CAPS. *(A-2),TRAMADOL,50 MG,CAPSULA,,
TRAMADOL  50MG CX/500 CAPS *(A-2) (G),TRAMADOL,50MG,CAPSULA,,
TRAMADOL 100 MG CX/10 CPR *(A-2),TRAMADOL,100 MG,COMPRIMIDO,,
TRAMADOL 100MG AMP 2ML *(A2) CX/100 (G),TRAMADOL,100MG,AMPOLA,2ML,
TRAMADOL 50 MG/ML C/50 AMP 1ML *(A-2) (G),TRAMADOL,50 MG/ML,AMPOLA,1ML,
TRAMADOL 50MG C/100 AMP 1ML *(A-2) (G),TRAMADOL,50MG,AMPOLA,1ML,
"TRAVOPROSTA 0,04MG/ML COLIRIO FR 2,5ML (S)",TRAVOPROSTA,"0,04MG/ML",FRASCO,"2,5ML",
TROMETAMOL 30MG/ML C/50 AMP 1ML (G),TROMETAMOL,30MG/ML,AMPOLA,1ML,
TROPICAMIDA 1% OFT FR 5ML,TROPICAMIDA,1%,FRASCO,5ML,
"TUBO P/ ASPIRACAO, OXIG, DRENA PVC 2M",TUBO P/ ASPIRACAO OXIG DRENA PVC,,,,
VALSARTANA 160 MG CX/30 CPRS (G),VALSARTANA,160 MG,,,
VALSARTANA 320MG CX/30 CPRS (G),VALSARTANA,320MG,,,
VALSARTANA 80MG CX/30 CPRS (G),VALSARTANA,80MG,,,
VANCOMICINA 500MG PÓ INJ IV C/100 FA (G),VANCOMICINA,500MG,FRASCO-AMPOLA,,
VARFARINA SODICA 5MG C/30 (I) (G),VARFARINA SODICA,5MG,,,
VASELINA LIQUIDA FR. 1000 ML,VASELINA LIQUIDA FR,1000 ML,FRASCO,,
VASELINA SOLIDA 500G,VASELINA SOLIDA,500G,,,
VASOPRESSINA 20 U/ML 1ML CX.10 ENCRISE,VASOPRESSINA,1ML,,,
VENLAFAXINA 150MG*(C1) C/300 CAP (G),VENLAFAXINA,150MG,,,
"VENLAFAXINA 37,5MG*(C1) CX/28 (I) (G)",VENLAFAXINA,"37,5MG",,,
VENLAFAXINA 75MG*(C1) CX/28 (I) (G),VENLAFAXINA,75MG,,,
"VITAMINA "" A"" +"" D""  POM.45 GR ROSA BABYMED","VITAMINA "" A"" + "" D"" POM",45 G,POMADA,,
"VITAMINA ""C""  500 MG CX/100 AMP.5 ML","VITAMINA ""C""",500 MG,AMPOLA,5 ML,
"VITAMINA ""C""  500 MG CX/500 CPRS","VITAMINA ""C""",500 MG,,,
"VITAMINA ""C""200MG/ML GOTA 20ML C/100","VITAMINA ""C""",200MG/ML,,20ML,
VITAMINA K 10MG/ML 1ML IM/S.C. C/50 ESKAVIT,VITAMINA K,10MG/ML,,1ML,"FITOMENADIONA, FITONADIONA"
VORICONAZOL 200MG F/A (G),VORICONAZOL,200MG,FRASCO-AMPOLA,,
XAROPE DE GUACO 100ML C/50FR,XAROPE DE GUACO,100ML,XAROPE,,
