id_licitacao,orgao,item_num,descricao_item,termo_encontrado
181340560001022025108,MUNICIPIO DE TEIXEIRAS,3,"Amoxicilina 500mg + Clavulanato de Potássio 125mgAmoxicilina 500mg + clavulanato de potássio 125mg, comprimido",AMOXICILINA
181340560001022025108,MUNICIPIO DE TEIXEIRAS,5,Atenolol 25mgAtenolol 25mg,ATENOLOL
181340560001022025108,MUNICIPIO DE TEIXEIRAS,7,"Bromoprida 10mg, ComprimidoBromoprida 10mg, Comprimido",BROMOPRIDA
181340560001022025108,MUNICIPIO DE TEIXEIRAS,8,"Bromoprida 4mg/ml Solução 20mlBromoprida 4mg/ml, Solução Oral, Frasco com 20ml",BROMOPRIDA
181340560001022025108,MUNICIPIO DE TEIXEIRAS,9,CARBONATO DE CALCIO 1250 MG (500 MG DE CALCIO) COMPRIMIDO,CARBONATO
181340560001022025108,MUNICIPIO DE TEIXEIRAS,10,Cefalexina 500mgcomprimido,CEFALEXINA
181340560001022025108,MUNICIPIO DE TEIXEIRAS,11,Cetoconazol 20mg/gBisnaga 30 g,CETOCONAZOL
181340560001022025108,MUNICIPIO DE TEIXEIRAS,13,Cetoprofeno 150 mg,CETOPROFENO
181340560001022025108,MUNICIPIO DE TEIXEIRAS,14,Ciclobenzaprina 5 mg,CICLOBENZAPRINA
181340560001022025108,MUNICIPIO DE TEIXEIRAS,16,Citalopram 20mgCitalopram 20mg,CITALOPRAM
181340560001022025108,MUNICIPIO DE TEIXEIRAS,17,Clomipramina 75 mg,CLOMIPRAMINA
181340560001022025108,MUNICIPIO DE TEIXEIRAS,18,Clonazepam 2mgcomprimido,CLONAZEPAM
181340560001022025108,MUNICIPIO DE TEIXEIRAS,19,"Clopidogrel 75mgClopidogrel 75mg, Comprimidos Revestidos.",CLOPIDOGREL
181340560001022025108,MUNICIPIO DE TEIXEIRAS,22,Cloridrato de Sertralina 50mgCloridrato de Sertralina 50mg,SERTRALINA
181340560001022025108,MUNICIPIO DE TEIXEIRAS,24,Divalproato de Sódio 250mgDivalproato de Sódio 250mg,DIVALPROATO
181340560001022025108,MUNICIPIO DE TEIXEIRAS,25,DIVALPROATO DE SÓDIO 500 MG,DIVALPROATO
181340560001022025108,MUNICIPIO DE TEIXEIRAS,27,"Enoxaparina 40mg/0,4mlSeringa preenchida c/ 0,4 ml",ENOXAPARINA
181340560001022025108,MUNICIPIO DE TEIXEIRAS,31,Fenobarbital 100mgFenobarbital 100mg.,FENOBARBITAL
181340560001022025108,MUNICIPIO DE TEIXEIRAS,32,Gliclazida 30 mg,GLICLAZIDA
181340560001022025108,MUNICIPIO DE TEIXEIRAS,33,Leitor de Glicose FreeStyle LibreLeitor compatível com o sensor de medição de glicose FreeStyle Libre.Apresenta os dados de glicose coletados pelo sensor.Mostra a leitura atual e seta de tendência da glicose nos próximos minutos.Armazena até 90 dias de dados de glicose.Não acompanha o sensor.A embalagem contém:1 Leitor FreeStyle Libre;1 Cabo USB;1 Adaptador de energia;1 Manual do usuário;1 Guia de referência rápida.,GLICOSE
181340560001022025108,MUNICIPIO DE TEIXEIRAS,34,Levotiroxina 75 mg,LEVOTIROXINA
181340560001022025108,MUNICIPIO DE TEIXEIRAS,36,"Metformina + alogliptina 12,5+1000 mg",METFORMINA
181340560001022025108,MUNICIPIO DE TEIXEIRAS,37,Metformina xr 500 mg,METFORMINA
181340560001022025108,MUNICIPIO DE TEIXEIRAS,38,"Metildopa 250mgMetildopa 250mg, comprimidos",METILDOPA
181340560001022025108,MUNICIPIO DE TEIXEIRAS,39,Metoprolol 50 mgMetoprolol 50 mg,METOPROLOL
181340560001022025108,MUNICIPIO DE TEIXEIRAS,41,Nifedipino 20 mg,NIFEDIPINO
181340560001022025108,MUNICIPIO DE TEIXEIRAS,42,Nistatina 25.000 Ul/g. Bisnagas 60 g,NISTATINA
181340560001022025108,MUNICIPIO DE TEIXEIRAS,43,Oxalato de escitalopram 10 mg,ESCITALOPRAM
181340560001022025108,MUNICIPIO DE TEIXEIRAS,45,Pregabalina 75 mg,PREGABALINA
181340560001022025108,MUNICIPIO DE TEIXEIRAS,46,Quetiapina 100 mg,QUETIAPINA
181340560001022025108,MUNICIPIO DE TEIXEIRAS,47,Quetiapina 25 mg,QUETIAPINA
181340560001022025108,MUNICIPIO DE TEIXEIRAS,48,Risperidona 1mgRisperidona 1mg,RISPERIDONA
181340560001022025108,MUNICIPIO DE TEIXEIRAS,49,"Risperidona 1mg/ml, 30ml Risperidona 1mg/ml, Frasco com 30ml",RISPERIDONA
181340560001022025108,MUNICIPIO DE TEIXEIRAS,50,Risperidona 2mgRisperidona 2mg,RISPERIDONA
181340560001022025108,MUNICIPIO DE TEIXEIRAS,51,Risperidona 3mgRisperidona 3mg,RISPERIDONA
181340560001022025108,MUNICIPIO DE TEIXEIRAS,52,Rivaroxabana 15mgRivaroxabana 15mg,RIVAROXABANA
181340560001022025108,MUNICIPIO DE TEIXEIRAS,53,Rosuvastatina 20 mg,ROSUVASTATINA
181340560001022025108,MUNICIPIO DE TEIXEIRAS,54,"Sensor De Glicose Abbott Freestyle LibreLeitor de glicose por sensor, sem picadas e sem dores.Sensor aplicado na parte superior do braço.Leitura da glicose por scanner, via leitor ou smartphone compatível.Obtenha dados atualizados da glicose e histórico glicêmico.O sensor dura até 14 dias.Embalagem Contém:1 Aplicador do Sensor.1 Recipiente do Sensor.2 lenços umedecidos com álcool.Folheto de Instruções do produto.",GLICOSE
181340560001022025108,MUNICIPIO DE TEIXEIRAS,55,"Simeticona 75mg/mlSimeticona 75mg/ml, frasco com 15ml",SIMETICONA
181340560001022025108,MUNICIPIO DE TEIXEIRAS,59,Tobramicina colirio 5mg/mlFrasco 5 ml,TOBRAMICINA
181340560001022025108,MUNICIPIO DE TEIXEIRAS,60,Tramadol 50 mg,TRAMADOL
181340560001022025108,MUNICIPIO DE TEIXEIRAS,61,Vitamina do Complexo B,VITAMINA | COMPLEXO
1512643700030520254440,EMPRESA BRASILEIRA DE SERVICOS HOSPITALARES - EBSERH,1,Prednisolona,PREDNISOLONA
1512643700030520254440,EMPRESA BRASILEIRA DE SERVICOS HOSPITALARES - EBSERH,3,Alopurinol,ALOPURINOL
1512643700030520254440,EMPRESA BRASILEIRA DE SERVICOS HOSPITALARES - EBSERH,4,Atropina Sulfato,ATROPINA | SULFATO
1512643700030520254440,EMPRESA BRASILEIRA DE SERVICOS HOSPITALARES - EBSERH,5,Atropina Sulfato,ATROPINA | SULFATO
1512643700030520254440,EMPRESA BRASILEIRA DE SERVICOS HOSPITALARES - EBSERH,8,Cetoprofeno,CETOPROFENO
1512643700030520254440,EMPRESA BRASILEIRA DE SERVICOS HOSPITALARES - EBSERH,9,Ciclopentolato,CICLOPENTOLATO
1512643700030520254440,EMPRESA BRASILEIRA DE SERVICOS HOSPITALARES - EBSERH,10,Ciprofloxacino Cloridrato,CIPROFLOXACINO
1512643700030520254440,EMPRESA BRASILEIRA DE SERVICOS HOSPITALARES - EBSERH,11,Ciprofloxacino Cloridrato,CIPROFLOXACINO
1512643700030520254440,EMPRESA BRASILEIRA DE SERVICOS HOSPITALARES - EBSERH,12,Ciprofloxacino Cloridrato,CIPROFLOXACINO
1512643700030520254440,EMPRESA BRASILEIRA DE SERVICOS HOSPITALARES - EBSERH,13,Dexametasona,DEXAMETASONA
1512643700030520254440,EMPRESA BRASILEIRA DE SERVICOS HOSPITALARES - EBSERH,14,Dexpantenol,DEXPANTENOL
1512643700030520254440,EMPRESA BRASILEIRA DE SERVICOS HOSPITALARES - EBSERH,21,Metilprednisolona,METILPREDNISOLONA
1512643700030520254440,EMPRESA BRASILEIRA DE SERVICOS HOSPITALARES - EBSERH,24,Pilocarpina Cloridrato,PILOCARPINA
1512643700030520254440,EMPRESA BRASILEIRA DE SERVICOS HOSPITALARES - EBSERH,25,Tobramicina,TOBRAMICINA
1512643700030520254440,EMPRESA BRASILEIRA DE SERVICOS HOSPITALARES - EBSERH,26,Tobramicina,TOBRAMICINA
1512643700030520254440,EMPRESA BRASILEIRA DE SERVICOS HOSPITALARES - EBSERH,27,Tobramicina,TOBRAMICINA
1512643700030520254440,EMPRESA BRASILEIRA DE SERVICOS HOSPITALARES - EBSERH,29,Tropicamida,TROPICAMIDA
46374500000194202512814,SECRETARIA DE ESTADO DA SAUDE,2,Metformina Cloridrato,METFORMINA
46374500000194202512814,SECRETARIA DE ESTADO DA SAUDE,4,Metformina Cloridrato,METFORMINA
46374500000194202512814,SECRETARIA DE ESTADO DA SAUDE,5,Anlodipino Besilato,ANLODIPINO
46374500000194202512814,SECRETARIA DE ESTADO DA SAUDE,6,Clorexidina Digluconato,CLOREXIDINA
240820160001592025744,HOSPITAL DAS CLINICAS DA FACULDADE DE MEDICINA DE MARILIA - HCFAMEMA,1,Solução Para Diálise Peritoneal,DIÁLISE
240820160001592025744,HOSPITAL DAS CLINICAS DA FACULDADE DE MEDICINA DE MARILIA - HCFAMEMA,2,Solução Para Diálise Peritoneal,DIÁLISE
240820160001592025744,HOSPITAL DAS CLINICAS DA FACULDADE DE MEDICINA DE MARILIA - HCFAMEMA,3,Equipo De Diálise Peritoneal,EQUIPO | DIÁLISE
240820160001592025744,HOSPITAL DAS CLINICAS DA FACULDADE DE MEDICINA DE MARILIA - HCFAMEMA,4,Solução Para Diálise Peritoneal,DIÁLISE
240820160001592025744,HOSPITAL DAS CLINICAS DA FACULDADE DE MEDICINA DE MARILIA - HCFAMEMA,5,Equipo De Diálise Peritoneal,EQUIPO | DIÁLISE
240820160001592025744,HOSPITAL DAS CLINICAS DA FACULDADE DE MEDICINA DE MARILIA - HCFAMEMA,6,Equipo De Diálise Peritoneal,EQUIPO | DIÁLISE
1386437700013020252231,FUNDO MUNICIPAL DE SAUDE - FMS,4,Metoprolol,METOPROLOL
1386437700013020252231,FUNDO MUNICIPAL DE SAUDE - FMS,5,Furosemida,FUROSEMIDA
15126437000305202663,EMPRESA BRASILEIRA DE SERVICOS HOSPITALARES - EBSERH,20,Suporte para copo,SUPORTE
15126437000305202663,EMPRESA BRASILEIRA DE SERVICOS HOSPITALARES - EBSERH,21,Detergente,DETERGENTE
15126437000305202663,EMPRESA BRASILEIRA DE SERVICOS HOSPITALARES - EBSERH,43,Fita adesiva,FITA
15126437000305202663,EMPRESA BRASILEIRA DE SERVICOS HOSPITALARES - EBSERH,44,Fita adesiva,FITA
15126437000305202663,EMPRESA BRASILEIRA DE SERVICOS HOSPITALARES - EBSERH,45,Fita adesiva,FITA
15126437000305202663,EMPRESA BRASILEIRA DE SERVICOS HOSPITALARES - EBSERH,46,Fita adesiva,FITA
15126437000305202663,EMPRESA BRASILEIRA DE SERVICOS HOSPITALARES - EBSERH,49,Fita adesiva,FITA
15126437000305202663,EMPRESA BRASILEIRA DE SERVICOS HOSPITALARES - EBSERH,83,Suporte para copo,SUPORTE
15126437000305202663,EMPRESA BRASILEIRA DE SERVICOS HOSPITALARES - EBSERH,84,Detergente,DETERGENTE
15126437000305202663,EMPRESA BRASILEIRA DE SERVICOS HOSPITALARES - EBSERH,106,Fita adesiva,FITA
15126437000305202663,EMPRESA BRASILEIRA DE SERVICOS HOSPITALARES - EBSERH,107,Fita adesiva,FITA
15126437000305202663,EMPRESA BRASILEIRA DE SERVICOS HOSPITALARES - EBSERH,108,Fita adesiva,FITA
15126437000305202663,EMPRESA BRASILEIRA DE SERVICOS HOSPITALARES - EBSERH,109,Fita adesiva,FITA
15126437000305202663,EMPRESA BRASILEIRA DE SERVICOS HOSPITALARES - EBSERH,112,Fita adesiva,FITA
1629892900018920262,MUNICIPIO DE ADUSTINA,6915295,VITAMINA B12,VITAMINA
1629892900018920262,MUNICIPIO DE ADUSTINA,6915296,VITAMINA D 25 OH,VITAMINA
00394452000103202524957,COMANDO DO EXERCITO,62,Equipo Especial - Uso Médico,EQUIPO
00394452000103202524957,COMANDO DO EXERCITO,63,Escova dental,ESCOVA
00394452000103202524957,COMANDO DO EXERCITO,64,Escova dental,ESCOVA
00394452000103202524957,COMANDO DO EXERCITO,82,Fita veda rosca,FITA
00394452000103202524957,COMANDO DO EXERCITO,92,Equipo P/ Bomba De Infusão,EQUIPO
00394452000103202524957,COMANDO DO EXERCITO,184,Seringa,SERINGA
00394452000103202524957,COMANDO DO EXERCITO,186,Clorexidina Digluconato,CLOREXIDINA
00394452000103202524957,COMANDO DO EXERCITO,187,Clorexidina Digluconato,CLOREXIDINA
00394452000103202524957,COMANDO DO EXERCITO,188,Clorexidina Digluconato,CLOREXIDINA
00394452000103202524957,COMANDO DO EXERCITO,189,Sonda odontológica,SONDA
00394452000103202524957,COMANDO DO EXERCITO,190,Sonda odontológica,SONDA
00394452000103202524957,COMANDO DO EXERCITO,202,Equipo P/ Bomba De Infusão,EQUIPO
0892405200016620261,MUNICIPIO DE SAO JOSE DE PIRANHAS,1,ACICLOVIR 50 MG/G (5%) CREME BISNAGA 10 G,ACICLOVIR | CREME
0892405200016620261,MUNICIPIO DE SAO JOSE DE PIRANHAS,2,ÁCIDO ACETILSALICÍLICO 100 MG COMPRIMIDO,ÁCIDO ACETILSALICÍLICO
0892405200016620261,MUNICIPIO DE SAO JOSE DE PIRANHAS,3,ÁCIDO ASCÓRBICO 100 MG/ML INJETÁVEL AMPOLA 5 ML,ÁCIDO ASCÓRBICO
0892405200016620261,MUNICIPIO DE SAO JOSE DE PIRANHAS,10,"ALBENDAZOL 40 MG/ML SUSPENSÃO ORAL FRASCO 10,00 ML",ALBENDAZOL
0892405200016620261,MUNICIPIO DE SAO JOSE DE PIRANHAS,11,ALBENDAZOL 400 MG COMPRIMIDO MASTIGÁVEL,ALBENDAZOL
0892405200016620261,MUNICIPIO DE SAO JOSE DE PIRANHAS,12,ALOPURINOL 100 MG COMPRIMIDO,ALOPURINOL
0892405200016620261,MUNICIPIO DE SAO JOSE DE PIRANHAS,13,ALOPURINOL 300 MG COMPRIMIDO,ALOPURINOL
0892405200016620261,MUNICIPIO DE SAO JOSE DE PIRANHAS,14,AMOXICILINA + CLAVULANATO DE POTÁSSIO 500 MG + 125 MG COMPRIMIDO,AMOXICILINA
0892405200016620261,MUNICIPIO DE SAO JOSE DE PIRANHAS,15,AMOXICILINA 500 MG CÁPSULAS,AMOXICILINA
0892405200016620261,MUNICIPIO DE SAO JOSE DE PIRANHAS,16,"AMOXICILINA COM CLAVULANATO DE POTÁSSIO, 50MG + 12,5MG/ML, SUSPENSÃO FRASCO 75 ML",AMOXICILINA
0892405200016620261,MUNICIPIO DE SAO JOSE DE PIRANHAS,17,"AMOXICILINA, 400MG/ 5ML, PÓ PARA SUSPENSÃO ORAL FRASCO DE 100 ML",AMOXICILINA
0892405200016620261,MUNICIPIO DE SAO JOSE DE PIRANHAS,18,ANLODIPINO 5 MG COMPRIMIDO,ANLODIPINO
0892405200016620261,MUNICIPIO DE SAO JOSE DE PIRANHAS,20,ATENOLOL 100 MG COMPRIMIDO,ATENOLOL
0892405200016620261,MUNICIPIO DE SAO JOSE DE PIRANHAS,21,ATENOLOL 25 MG COMPRIMIDO,ATENOLOL
0892405200016620261,MUNICIPIO DE SAO JOSE DE PIRANHAS,22,ATENOLOL 50 MG COMPRIMIDO,ATENOLOL
0892405200016620261,MUNICIPIO DE SAO JOSE DE PIRANHAS,23,AZITROMICINA 500 MG COMPRIMIDO,AZITROMICINA
0892405200016620261,MUNICIPIO DE SAO JOSE DE PIRANHAS,24,AZITROMICINA SUSPENSAO 600 MG FRASCO COM 15 ML,AZITROMICINA
0892405200016620261,MUNICIPIO DE SAO JOSE DE PIRANHAS,30,"BIMATOPROSTA 0,3 MG/ML SOLUÇÃO OFTÁLMICA FRASCO 3 ML",BIMATOPROSTA
0892405200016620261,MUNICIPIO DE SAO JOSE DE PIRANHAS,33,"BROMOPRIDA, 5 MG/ML, INJETÁVEL AMPOLA 2,00 ML",BROMOPRIDA
0892405200016620261,MUNICIPIO DE SAO JOSE DE PIRANHAS,34,BUDESONIDA 32 MCG SUSPENSAO PARA INALACAO NASAL FRASCO 120 DOSES,BUDESONIDA
0892405200016620261,MUNICIPIO DE SAO JOSE DE PIRANHAS,35,"BUDESONIDA 50 MCG SUSPENSAO PARA INALACAO NASAL FRASCO 120,00 DOSES",BUDESONIDA
0892405200016620261,MUNICIPIO DE SAO JOSE DE PIRANHAS,36,BUDESONIDA 64 MCG SUSPENSAO PARA INALACAO NASAL FRASCO 120 DOSES,BUDESONIDA
0892405200016620261,MUNICIPIO DE SAO JOSE DE PIRANHAS,39,CAPTOPRIL 25 MG COMPRIMIDO,CAPTOPRIL
0892405200016620261,MUNICIPIO DE SAO JOSE DE PIRANHAS,40,CARBAMAZEPINA 200 MG COMPRIMIDO,CARBAMAZEPINA
0892405200016620261,MUNICIPIO DE SAO JOSE DE PIRANHAS,41,CARBAMAZEPINA 400 MG COMPRIMIDO,CARBAMAZEPINA
0892405200016620261,MUNICIPIO DE SAO JOSE DE PIRANHAS,42,CARBONATO DE CALCIO + COLECALCIFEROL 1.250 MG (500 MG DE CALCIO) + 400 UI COMPRIMIDO,CARBONATO
0892405200016620261,MUNICIPIO DE SAO JOSE DE PIRANHAS,43,CARBONATO DE CALCIO + COLECALCIFEROL 1.250 MG (500 MG DE CALCIO) + 200 UI COMPRIMIDO,CARBONATO
0892405200016620261,MUNICIPIO DE SAO JOSE DE PIRANHAS,44,CARBONATO DE CALCIO + COLECALCIFEROL 1.500 MG (600 MG DE CALCIO) + 400 UI COMPRIMIDO,CARBONATO
0892405200016620261,MUNICIPIO DE SAO JOSE DE PIRANHAS,45,"CARBONATO DE CÁLCIO, 500MG DE CÁLCIO COMPRIMIDO",CARBONATO
0892405200016620261,MUNICIPIO DE SAO JOSE DE PIRANHAS,46,CARBONATO DE LITIO 300 MG COMPRIMIDO,CARBONATO
0892405200016620261,MUNICIPIO DE SAO JOSE DE PIRANHAS,47,CARBONATO DE LITIO 450 MG COMPRIMIDO,CARBONATO
0892405200016620261,MUNICIPIO DE SAO JOSE DE PIRANHAS,49,"CARVEDILOL 12,5 MG COMPRIMIDO",CARVEDILOL
0892405200016620261,MUNICIPIO DE SAO JOSE DE PIRANHAS,50,"CARVEDILOL 3,125 MG COMPRIMIDO",CARVEDILOL
0892405200016620261,MUNICIPIO DE SAO JOSE DE PIRANHAS,51,"CARVEDILOL 6,25 MG COMPRIMIDO",CARVEDILOL
0892405200016620261,MUNICIPIO DE SAO JOSE DE PIRANHAS,52,CEFALEXINA 500 MG CÁPSULAS,CEFALEXINA
0892405200016620261,MUNICIPIO DE SAO JOSE DE PIRANHAS,53,"CEFALEXINA, 50 MG/ML, PÓ P/ SUSPENSÃO ORAL FRASCO 100 ML",CEFALEXINA
0892405200016620261,MUNICIPIO DE SAO JOSE DE PIRANHAS,54,CEFTRIAXONA 1G FRASCO-AMPOLA INTRAMUSCULAR,CEFTRIAXONA
0892405200016620261,MUNICIPIO DE SAO JOSE DE PIRANHAS,55,CEFTRIAXONA 1G FRASCO-AMPOLA ENDOVENOSO,CEFTRIAXONA
0892405200016620261,MUNICIPIO DE SAO JOSE DE PIRANHAS,56,CEFTRIAXONA 500 MG FRASCO-AMPOLA INTRAMUSCULAR,CEFTRIAXONA
0892405200016620261,MUNICIPIO DE SAO JOSE DE PIRANHAS,57,CEFTRIAXONA 500 MG FRASCO-AMPOLA ENDOVENOSO,CEFTRIAXONA
0892405200016620261,MUNICIPIO DE SAO JOSE DE PIRANHAS,58,"CETOCONAZOL, 2%, SHAMPOO FRASCO 100,00 ML",CETOCONAZOL
0892405200016620261,MUNICIPIO DE SAO JOSE DE PIRANHAS,59,CETOPROFENO 100 MG COMPRIMIDO,CETOPROFENO
0892405200016620261,MUNICIPIO DE SAO JOSE DE PIRANHAS,60,CIPROFLOXACINO 500 MG COMPRIMIDO,CIPROFLOXACINO
0892405200016620261,MUNICIPIO DE SAO JOSE DE PIRANHAS,61,CIPROFLOXACINO 2 MG/ML SOLUÇÃO INJETÁVEL FRASCO 100 ML,CIPROFLOXACINO
0892405200016620261,MUNICIPIO DE SAO JOSE DE PIRANHAS,63,CLINDAMICINA 150 MG/ML INJETÁVEL AMPOLA 4 ML,CLINDAMICINA
0892405200016620261,MUNICIPIO DE SAO JOSE DE PIRANHAS,65,"CLONAZEPAM 0,5 MG COMPRIMIDO",CLONAZEPAM
0892405200016620261,MUNICIPIO DE SAO JOSE DE PIRANHAS,66,CLONAZEPAM 2 MG COMPRIMIDO,CLONAZEPAM
0892405200016620261,MUNICIPIO DE SAO JOSE DE PIRANHAS,67,"CLONAZEPAM 2,5 MG/ML SOLUCAO ORAL FRASCO 20,00 ML",CLONAZEPAM
0892405200016620261,MUNICIPIO DE SAO JOSE DE PIRANHAS,72,CLORIDRATO DE AMIODARONA 200 MG COMPRIMIDO,AMIODARONA
0892405200016620261,MUNICIPIO DE SAO JOSE DE PIRANHAS,73,CLORIDRATO DE AMITRIPTILINA 25 MG COMPRIMIDO,AMITRIPTILINA
0892405200016620261,MUNICIPIO DE SAO JOSE DE PIRANHAS,74,CLORIDRATO DE AMITRIPTILINA 75 MG COMPRIMIDO,AMITRIPTILINA
0892405200016620261,MUNICIPIO DE SAO JOSE DE PIRANHAS,75,CLORIDRATO DE BIPERIDENO 2 MG COMPRIMIDO,BIPERIDENO
0892405200016620261,MUNICIPIO DE SAO JOSE DE PIRANHAS,76,CLORIDRATO DE BIPERIDENO 4 MG COMPRIMIDO DE LIBERAÇÃO PROLONGADA,BIPERIDENO
0892405200016620261,MUNICIPIO DE SAO JOSE DE PIRANHAS,77,CLORIDRATO DE CLINDAMICINA 300 MG CÁPSULAS,CLINDAMICINA
0892405200016620261,MUNICIPIO DE SAO JOSE DE PIRANHAS,78,CLORIDRATO DE CLOMIPRAMINA 10 MG COMPRIMIDO,CLOMIPRAMINA
0892405200016620261,MUNICIPIO DE SAO JOSE DE PIRANHAS,79,"CLORIDRATO DE CLORPROMAZINA 5 MG/ML AMPOLA 5,00 ML",CLORPROMAZINA
0892405200016620261,MUNICIPIO DE SAO JOSE DE PIRANHAS,80,CLORIDRATO DE HIDRALAZINA 25 MG COMPRIMIDO,HIDRALAZINA
0892405200016620261,MUNICIPIO DE SAO JOSE DE PIRANHAS,81,CLORIDRATO DE HIDRALAZINA 50 MG COMPRIMIDO,HIDRALAZINA
0892405200016620261,MUNICIPIO DE SAO JOSE DE PIRANHAS,85,"CLORIDRATO DE METOCLOPRAMIDA 4 MG/ML SOLUCAO ORAL FRASCO 10,00 ML",METOCLOPRAMIDA
0892405200016620261,MUNICIPIO DE SAO JOSE DE PIRANHAS,86,CLORIDRATO DE METOCLOPRAMIDA 5 MG/ML SOLUÇÃO INJETÁVEL AMPOLA 2 ML,METOCLOPRAMIDA
0892405200016620261,MUNICIPIO DE SAO JOSE DE PIRANHAS,87,"CLORIDRATO DE NALOXONA, 0,4MG/ML, SOLUÇÃO INJETAVEL ÂMPOLA 1 ML",NALOXONA
0892405200016620261,MUNICIPIO DE SAO JOSE DE PIRANHAS,88,CLORIDRATO DE NORTRIPTILINA 10 MG CÁPSULAS,NORTRIPTILINA
0892405200016620261,MUNICIPIO DE SAO JOSE DE PIRANHAS,89,CLORIDRATO DE ONDANSETRONA 4 MG COMPRIMIDO ORODISPERSIVEL,ONDANSETRONA
0892405200016620261,MUNICIPIO DE SAO JOSE DE PIRANHAS,90,CLORIDRATO DE ONDANSETRONA 8 MG COMPRIMIDO ORODISPERSIVEL,ONDANSETRONA
0892405200016620261,MUNICIPIO DE SAO JOSE DE PIRANHAS,91,"CLORIDRATO DE PILOCARPINA 20 MG/ML (2%) SOLUCAO OFTÁLMICA FRASCO 10,00 ML",PILOCARPINA
0892405200016620261,MUNICIPIO DE SAO JOSE DE PIRANHAS,94,CLORIDRATO DE PROPRANOLOL 40 MG COMPRIMIDO,PROPRANOLOL
0892405200016620261,MUNICIPIO DE SAO JOSE DE PIRANHAS,98,CREME BARREIRA 60G,CREME
0892405200016620261,MUNICIPIO DE SAO JOSE DE PIRANHAS,99,CURATIVO HIDROCOLOIDE 10X10CM,CURATIVO
0892405200016620261,MUNICIPIO DE SAO JOSE DE PIRANHAS,101,"DEXAMETASONA 0,1 MG/ML ELIXIR FRASCO 100,00 ML",DEXAMETASONA
0892405200016620261,MUNICIPIO DE SAO JOSE DE PIRANHAS,102,DEXAMETASONA 1 MG/G POMADA OFTALMICA 10 G,DEXAMETASONA
0892405200016620261,MUNICIPIO DE SAO JOSE DE PIRANHAS,103,"DEXAMETASONA 4MG INJETÁVEL AMPOLA 2,50 ML",DEXAMETASONA
0892405200016620261,MUNICIPIO DE SAO JOSE DE PIRANHAS,104,DIAZEPAM 10 MG COMPRIMIDO,DIAZEPAM
0892405200016620261,MUNICIPIO DE SAO JOSE DE PIRANHAS,105,DIAZEPAM 5 MG COMPRIMIDO,DIAZEPAM
0892405200016620261,MUNICIPIO DE SAO JOSE DE PIRANHAS,106,"DIGLICONATO DE CLOREXIDINA 0,12% SOLUCAO BUCAL FRASCO 100,00 ML",CLOREXIDINA
0892405200016620261,MUNICIPIO DE SAO JOSE DE PIRANHAS,108,DIPROPIONATO DE BECLOMETASONA  200 MCG/DOSE SPRAY FRASCO 200 DOSES,BECLOMETASONA
0892405200016620261,MUNICIPIO DE SAO JOSE DE PIRANHAS,109,DIPROPIONATO DE BECLOMETASONA 250 MCG/DOSE SPRAY FRASCO 200 DOSES,BECLOMETASONA
0892405200016620261,MUNICIPIO DE SAO JOSE DE PIRANHAS,110,DIPROPIONATO DE BECLOMETASONA 50 MCG/DOSE SPRAY FRASCO 200 DOSES,BECLOMETASONA
0892405200016620261,MUNICIPIO DE SAO JOSE DE PIRANHAS,111,DIPROPIONATO DE BECLOMETASONA 400 MCG/DOSE PÓ PARA INALAÇÃO FRASCO 100 DOSES,BECLOMETASONA
0892405200016620261,MUNICIPIO DE SAO JOSE DE PIRANHAS,113,"ENOXAPARINA, 40MG/0,4 ML, INJETÁVEL, SUBCUTÂNEO, SERINGA PRÉ-ENCHIDA",ENOXAPARINA | SERINGA
0892405200016620261,MUNICIPIO DE SAO JOSE DE PIRANHAS,116,"ESTRIOL 1 MG/G CREME VAGINAL BISNAGA 50,00 G",CREME | ESTRIOL
0892405200016620261,MUNICIPIO DE SAO JOSE DE PIRANHAS,117,"ESTROGENIOS CONJUGADOS 0,625 MG/G CREME VAGINAL BISNAGA 25,00 G",CREME
0892405200016620261,MUNICIPIO DE SAO JOSE DE PIRANHAS,118,FENITOINA 100 MG COMPRIMIDO,FENITOINA
0892405200016620261,MUNICIPIO DE SAO JOSE DE PIRANHAS,121,"FLUMAZENIL 0,1 MG/ML SOLUÇÃO INJETÁVEL AMPOLA 5,00 ML",FLUMAZENIL
0892405200016620261,MUNICIPIO DE SAO JOSE DE PIRANHAS,122,FOLINATO DE CALCIO (ACIDO FOLINICO) 15 MG COMPRIMIDO,ACIDO
0892405200016620261,MUNICIPIO DE SAO JOSE DE PIRANHAS,124,FOSFATO DE CLINDAMICINA 1% GEL BISNAGA 45 G,CLINDAMICINA
0892405200016620261,MUNICIPIO DE SAO JOSE DE PIRANHAS,125,FUROSEMIDA 40 MG COMPRIMIDO,FUROSEMIDA
0892405200016620261,MUNICIPIO DE SAO JOSE DE PIRANHAS,126,GLIBENCLAMIDA 5 MG COMPRIMIDO,GLIBENCLAMIDA
0892405200016620261,MUNICIPIO DE SAO JOSE DE PIRANHAS,129,GLICLAZIDA 30 MG COMPRIMIDO DE LIBERACAO PROLONGADA,GLICLAZIDA
0892405200016620261,MUNICIPIO DE SAO JOSE DE PIRANHAS,130,"GLICOSE 50% INJETÁVEL FRASCO 10,00 ML",GLICOSE
0892405200016620261,MUNICIPIO DE SAO JOSE DE PIRANHAS,131,HALOPERIDOL 5 MG COMPRIMIDO,HALOPERIDOL
0892405200016620261,MUNICIPIO DE SAO JOSE DE PIRANHAS,132,"HEPARINA SÓDICA 5.000UI INJETÁVEL AMPOLA 5,00 ML",HEPARINA
0892405200016620261,MUNICIPIO DE SAO JOSE DE PIRANHAS,133,"HIDROCLOROTIAZIDA 12,5 MG COMPRIMIDO",HIDROCLOROTIAZIDA
0892405200016620261,MUNICIPIO DE SAO JOSE DE PIRANHAS,134,HIDROCLOROTIAZIDA 25 MG COMPRIMIDO,HIDROCLOROTIAZIDA
0892405200016620261,MUNICIPIO DE SAO JOSE DE PIRANHAS,137,HIDROXIDO DE ALUMÍNIO 230 MG COMPRIMIDO,HIDROXIDO
0892405200016620261,MUNICIPIO DE SAO JOSE DE PIRANHAS,138,"HIDROXIDO DE ALUMÍNIO 61,5 MG/ML SUSPENSAO ORAL FRASCO 100,00 ML",HIDROXIDO
0892405200016620261,MUNICIPIO DE SAO JOSE DE PIRANHAS,142,"IBUPROFENO 100 MG/ML SUSPENSAO ORAL FRASCO 30,00 ML",IBUPROFENO
0892405200016620261,MUNICIPIO DE SAO JOSE DE PIRANHAS,148,LEVOTIROXINA SÓDICA 100 MCG COMPRIMIDO,LEVOTIROXINA
0892405200016620261,MUNICIPIO DE SAO JOSE DE PIRANHAS,149,"LEVOTIROXINA SÓDICA 12,5 MCG",LEVOTIROXINA
0892405200016620261,MUNICIPIO DE SAO JOSE DE PIRANHAS,150,"LEVOTIROXINA SÓDICA 37,5 MCG",LEVOTIROXINA
0892405200016620261,MUNICIPIO DE SAO JOSE DE PIRANHAS,151,LEVOTIROXINA SÓDICA 112 MCG,LEVOTIROXINA
0892405200016620261,MUNICIPIO DE SAO JOSE DE PIRANHAS,152,LORATADINA 10 MG COMPRIMIDO,LORATADINA
0892405200016620261,MUNICIPIO DE SAO JOSE DE PIRANHAS,153,LOSARTANA POTASSICA 50 MG COMPRIMIDO,LOSARTANA
0892405200016620261,MUNICIPIO DE SAO JOSE DE PIRANHAS,154,"MALEATO DE DEXCLORFENIRAMINA 0,4 MG/ML SOLUÇÃO ORAL FRASCO 100,00 ML",DEXCLORFENIRAMINA
0892405200016620261,MUNICIPIO DE SAO JOSE DE PIRANHAS,155,MALEATO DE DEXCLORFENIRAMINA 2 MG COMPRIMIDO,DEXCLORFENIRAMINA
0892405200016620261,MUNICIPIO DE SAO JOSE DE PIRANHAS,156,MALEATO DE ENALAPRIL 20 MG COMPRIMIDO,ENALAPRIL
0892405200016620261,MUNICIPIO DE SAO JOSE DE PIRANHAS,157,MALEATO DE ENALAPRIL 5 MG COMPRIMIDO,ENALAPRIL
0892405200016620261,MUNICIPIO DE SAO JOSE DE PIRANHAS,158,"MALEATO DE TIMOLOL 2,5 MG/ML (0,25%) SOLUCAO OFTALMICA FRASCO 5,00 ML",TIMOLOL
0892405200016620261,MUNICIPIO DE SAO JOSE DE PIRANHAS,159,"MALEATO DE TIMOLOL 5 MG/ML (0,5%) SOLUCAO OFTALMICA FRASCO 5,00 ML",TIMOLOL
0892405200016620261,MUNICIPIO DE SAO JOSE DE PIRANHAS,161,MESILATO DE DOXAZOSINA 2 MG COMPRIMIDO,DOXAZOSINA
0892405200016620261,MUNICIPIO DE SAO JOSE DE PIRANHAS,162,METILDOPA 250 MG COMPRIMIDO,METILDOPA
0892405200016620261,MUNICIPIO DE SAO JOSE DE PIRANHAS,163,METILDOPA 500 MG COMPRIMIDO,METILDOPA
0892405200016620261,MUNICIPIO DE SAO JOSE DE PIRANHAS,164,MONONITRATO DE ISOSSORBIDA 40 MG COMPRIMIDO,ISOSSORBIDA
0892405200016620261,MUNICIPIO DE SAO JOSE DE PIRANHAS,168,NIMESULIDA 100 MG COMPRIMIDO,NIMESULIDA
0892405200016620261,MUNICIPIO DE SAO JOSE DE PIRANHAS,169,"NISTATINA 100.000 UI/ML SUSPENSAO ORAL FRASCO 50,00 ML",NISTATINA
0892405200016620261,MUNICIPIO DE SAO JOSE DE PIRANHAS,170,NISTATINA CREME VAGINAL 100.000 Ui/4G BISNAGA 60 G,CREME | NISTATINA
0892405200016620261,MUNICIPIO DE SAO JOSE DE PIRANHAS,171,"NITRATO DE MICONAZOL 2% (20 MG/G) GEL ORAL BISNAGA 40,00 G",MICONAZOL
0892405200016620261,MUNICIPIO DE SAO JOSE DE PIRANHAS,172,"NITRATO DE MICONAZOL 2% (20 MG/G) CREME VAGINAL BISNAGA 80,00 G",CREME | MICONAZOL
0892405200016620261,MUNICIPIO DE SAO JOSE DE PIRANHAS,174,"NOREPINEFRINA, 2 MG/ML, SOLUÇÃO INJETÁVEL AMPOLA 4,00 ML",NOREPINEFRINA
0892405200016620261,MUNICIPIO DE SAO JOSE DE PIRANHAS,176,"OMEPRAZOL, 40 MG, INJETÁVEL FRASCO-AMPOLA",OMEPRAZOL
0892405200016620261,MUNICIPIO DE SAO JOSE DE PIRANHAS,177,PERMANGANATO DE POTÁSSIO 100 MG COMPRIMIDO PARA USO TOPICO,TOPICO
0892405200016620261,MUNICIPIO DE SAO JOSE DE PIRANHAS,181,"RIVAROXABANA, 20 MG, COMPRIMIDO",RIVAROXABANA
0892405200016620261,MUNICIPIO DE SAO JOSE DE PIRANHAS,182,ROSUVASTATINA CÁLCICA 10 MG,ROSUVASTATINA
0892405200016620261,MUNICIPIO DE SAO JOSE DE PIRANHAS,183,ROSUVASTATINA CÁLCICA 20 MG,ROSUVASTATINA
0892405200016620261,MUNICIPIO DE SAO JOSE DE PIRANHAS,184,"SIMETICONA, 75 MG/ML, SOLUÇÃO ORAL FRASCO 10,00 ML",SIMETICONA
0892405200016620261,MUNICIPIO DE SAO JOSE DE PIRANHAS,185,SUCCINATO DE DESVENLAFAXINA MONOIDRATADO 100 MG,SUCCINATO
0892405200016620261,MUNICIPIO DE SAO JOSE DE PIRANHAS,186,SUCCINATO DE METOPROLOL 100 MG COMPRIMIDO DE LIBERACAO PROLONGADA,SUCCINATO | METOPROLOL
0892405200016620261,MUNICIPIO DE SAO JOSE DE PIRANHAS,187,SULFADIAZINA DE PRATA 10 MG/G (1%) POTE 400 G,SULFADIAZINA
0892405200016620261,MUNICIPIO DE SAO JOSE DE PIRANHAS,189,"SULFATO DE ATROPINA 0,25 MG/ML INJETÁVEL AMPOLA 1 ML",ATROPINA | SULFATO
0892405200016620261,MUNICIPIO DE SAO JOSE DE PIRANHAS,190,"SULFATO DE GENTAMICINA 5 MG/ML SOLUCAO OFTÁLMICA FRASCO 5,00 ML",GENTAMICINA | SULFATO
0892405200016620261,MUNICIPIO DE SAO JOSE DE PIRANHAS,191,"SULFATO DE MAGNÉSIO 50% INJETÁVEL AMPOLA 10,00 ML",SULFATO
0892405200016620261,MUNICIPIO DE SAO JOSE DE PIRANHAS,192,"SULFATO DE SALBUTAMOL 5 MG/ML SOLUCAO PARA INALACAO FRASCO 10,00 ML",SALBUTAMOL | SULFATO
0892405200016620261,MUNICIPIO DE SAO JOSE DE PIRANHAS,193,"SULFATO DE TERBUTALINA INJETÁVEL 0,5MG/ML 1ML",TERBUTALINA | SULFATO
0892405200016620261,MUNICIPIO DE SAO JOSE DE PIRANHAS,194,"SULFATO DE ZINCO 4 MG/ML XAROPE FRASCO 100,00 ML",SULFATO
0892405200016620261,MUNICIPIO DE SAO JOSE DE PIRANHAS,195,SULFATO DE ZINCO 10 MG COMPRIMIDO MASTIGÁVEL,SULFATO
0892405200016620261,MUNICIPIO DE SAO JOSE DE PIRANHAS,197,TIAMINA 100 MG/Ml SOLUÇÃO INJETÁVEL AMPOLA 1 ML,TIAMINA
0892405200016620261,MUNICIPIO DE SAO JOSE DE PIRANHAS,198,"TRAMADOL 50 MG/ML AMPOLA 1,00 ML",TRAMADOL
0892405200016620261,MUNICIPIO DE SAO JOSE DE PIRANHAS,203,DIOSMIN + HEPARINA 450/50MG,HEPARINA
0892405200016620261,MUNICIPIO DE SAO JOSE DE PIRANHAS,206,"HEPARINA SÓDICA 5.000UI INJETÁVEL AMPOLA 2,5 ML USO SUBCUTÂNEO",HEPARINA
0892405200016620261,MUNICIPIO DE SAO JOSE DE PIRANHAS,212,TARTARATO DE METOPROLOL 1MG/ML AMPOLA 5ML,METOPROLOL
0892405200016620261,MUNICIPIO DE SAO JOSE DE PIRANHAS,213,"TRAMADOL 50 MG/ML AMPOLA 2,00 ML",TRAMADOL
0892405200016620261,MUNICIPIO DE SAO JOSE DE PIRANHAS,217,BOLSA COLOSTOMIA DREN.TRANS.19/64MM,COLOSTOMIA
0892405200016620261,MUNICIPIO DE SAO JOSE DE PIRANHAS,224,"CARRO AÇO INOX PARA CURATIVO TIPO ESTRUTURA TUBULAR E TAMPOS EM AÇO INOX, TIPO RODÍZIO 3, ACESSÓRIOS COK BALDE E BACIA ACOPLADOS, MEDIDA 0,80 X 1,00 X 0,85 M.",CURATIVO
0892405200016620261,MUNICIPIO DE SAO JOSE DE PIRANHAS,225,CATETER INTRAVENOSO Nº 16 (JELCO),CATETER
0892405200016620261,MUNICIPIO DE SAO JOSE DE PIRANHAS,226,CATETER INTRAVENOSO Nº 20 (JELCO),CATETER
0892405200016620261,MUNICIPIO DE SAO JOSE DE PIRANHAS,228,CLOREXIDINA 2% DEGERMANTE 1000ML,DEGERMANTE | CLOREXIDINA
0892405200016620261,MUNICIPIO DE SAO JOSE DE PIRANHAS,234,"COLETOR MATERIAL PÉRFURO-CORTANTE, PAPELÃO, 20 L",COLETOR
0892405200016620261,MUNICIPIO DE SAO JOSE DE PIRANHAS,235,"COLETOR MATERIAL PÉRFURO-CORTANTE, PAPELÃO, 7 L",COLETOR
0892405200016620261,MUNICIPIO DE SAO JOSE DE PIRANHAS,249,"ESTETOSCÓPIO, BIAURICULAR, OLIVAS ANATÔMICAS BORRACHA, HASTE ALUMÍNIO, TUBO PLÁSTICO, AUSCULTADOR AÇO INOX, PEDIÁTRICO",TUBO
0892405200016620261,MUNICIPIO DE SAO JOSE DE PIRANHAS,261,"LUVA CIRURGICA N 7,0",LUVA
0892405200016620261,MUNICIPIO DE SAO JOSE DE PIRANHAS,262,"LUVA CIRÚRGICA N 7,5",LUVA
0892405200016620261,MUNICIPIO DE SAO JOSE DE PIRANHAS,263,"LUVA CIRÚRGICA N 8,0",LUVA
0892405200016620261,MUNICIPIO DE SAO JOSE DE PIRANHAS,264,MASCARA CIRURGICA TRIPLA DESCARTAVEL CAIXA COM 50 UND,MASCARA
0892405200016620261,MUNICIPIO DE SAO JOSE DE PIRANHAS,265,MASCARA DE ALTA CONCENTRAÇÃO COM RESERVATÓRIO ADULTO,MASCARA
0892405200016620261,MUNICIPIO DE SAO JOSE DE PIRANHAS,268,"MÁSCARA RESPIRATÓRIA N95, COM FILTRO 95%, COM ELÁSTICOS NAS LATERAIS, COM MATERIAL 100% PROPILENO, APROVADA PELA ANVISA, USO INDIVIDUAL E REUTILIZÁVEL.",FILTRO
0892405200016620261,MUNICIPIO DE SAO JOSE DE PIRANHAS,270,MONITOR DE SINAIS VITAIS INFANTIL/ADULTO PRESSÃO SPO2 TEMPERATURA,MONITOR
0892405200016620261,MUNICIPIO DE SAO JOSE DE PIRANHAS,271,"NYLON 2/0, AGULHA 3/8",AGULHA
0892405200016620261,MUNICIPIO DE SAO JOSE DE PIRANHAS,272,"NYLON 3/0, AGULHA 3/8",AGULHA
0892405200016620261,MUNICIPIO DE SAO JOSE DE PIRANHAS,273,"NYLON 4/0, AGULHA 3/8",AGULHA
0892405200016620261,MUNICIPIO DE SAO JOSE DE PIRANHAS,274,"NYLON 5/0, AGULHA 3/8",AGULHA
0892405200016620261,MUNICIPIO DE SAO JOSE DE PIRANHAS,290,"SERINGA 1 ML GRADUADA (ESCALA UI) COM AGULHA 13 G X 4,5",AGULHA | SERINGA
0892405200016620261,MUNICIPIO DE SAO JOSE DE PIRANHAS,291,SERINGA 10 ML COM AGULHA 25X7,AGULHA | SERINGA
0892405200016620261,MUNICIPIO DE SAO JOSE DE PIRANHAS,292,SERINGA 5 ML COM AGULHA 25X7,AGULHA | SERINGA
0892405200016620261,MUNICIPIO DE SAO JOSE DE PIRANHAS,293,SERINGA 60 ML SEM AGULHA,AGULHA | SERINGA
0892405200016620261,MUNICIPIO DE SAO JOSE DE PIRANHAS,295,SONDA DE ASPIRAÇÃO TRAQUEAL Nº 04,SONDA
0892405200016620261,MUNICIPIO DE SAO JOSE DE PIRANHAS,296,SONDA DE ASPIRAÇÃO TRAQUEAL Nº 06,SONDA
0892405200016620261,MUNICIPIO DE SAO JOSE DE PIRANHAS,297,SONDA DE ASPIRAÇÃO TRAQUEAL Nº 10,SONDA
0892405200016620261,MUNICIPIO DE SAO JOSE DE PIRANHAS,298,SONDA DE ASPIRAÇÃO TRAQUEAL Nº 12,SONDA
0892405200016620261,MUNICIPIO DE SAO JOSE DE PIRANHAS,299,SONDA DE ASPIRAÇÃO TRAQUEAL Nº 14,SONDA
0892405200016620261,MUNICIPIO DE SAO JOSE DE PIRANHAS,300,SONDA DE ASPIRAÇÃO TRAQUEAL Nº 16,SONDA
0892405200016620261,MUNICIPIO DE SAO JOSE DE PIRANHAS,301,SONDA DE ASPIRAÇÃO TRAQUEAL Nº 18,SONDA
0892405200016620261,MUNICIPIO DE SAO JOSE DE PIRANHAS,302,SONDA DE ASPIRAÇÃO TRAQUEAL Nº 08,SONDA
0892405200016620261,MUNICIPIO DE SAO JOSE DE PIRANHAS,303,SONDA DE FOLEY Nº 06 2VIAS,SONDA
0892405200016620261,MUNICIPIO DE SAO JOSE DE PIRANHAS,304,SONDA DE FOLEY Nº 08 2VIAS,SONDA
0892405200016620261,MUNICIPIO DE SAO JOSE DE PIRANHAS,305,SONDA DE FOLEY Nº 10 2 VIAS,SONDA
0892405200016620261,MUNICIPIO DE SAO JOSE DE PIRANHAS,306,SONDA DE FOLEY Nº 12 2VIAS,SONDA
0892405200016620261,MUNICIPIO DE SAO JOSE DE PIRANHAS,307,SONDA DE FOLEY Nº 14 2VIAS,SONDA
0892405200016620261,MUNICIPIO DE SAO JOSE DE PIRANHAS,308,SONDA DE FOLEY Nº 16 2VIAS,SONDA
0892405200016620261,MUNICIPIO DE SAO JOSE DE PIRANHAS,309,SONDA DE FOLEY Nº 18 2VIAS,SONDA
0892405200016620261,MUNICIPIO DE SAO JOSE DE PIRANHAS,310,SONDA NASOGÁSTRICA CURTA Nº 04,SONDA
0892405200016620261,MUNICIPIO DE SAO JOSE DE PIRANHAS,311,SONDA NASOGÁSTRICA CURTA Nº 06,SONDA
0892405200016620261,MUNICIPIO DE SAO JOSE DE PIRANHAS,312,SONDA NASOGÁSTRICA CURTA Nº 08,SONDA
0892405200016620261,MUNICIPIO DE SAO JOSE DE PIRANHAS,313,SONDA NASOGÁSTRICA CURTA Nº 10,SONDA
0892405200016620261,MUNICIPIO DE SAO JOSE DE PIRANHAS,314,SONDA NASOGÁSTRICA CURTA Nº 12,SONDA
0892405200016620261,MUNICIPIO DE SAO JOSE DE PIRANHAS,315,SONDA NASOGÁSTRICA CURTA Nº 14,SONDA
0892405200016620261,MUNICIPIO DE SAO JOSE DE PIRANHAS,316,SONDA NASOGÁSTRICA LONGA Nº 04,SONDA
0892405200016620261,MUNICIPIO DE SAO JOSE DE PIRANHAS,317,SONDA NASOGÁSTRICA LONGA Nº 06,SONDA
0892405200016620261,MUNICIPIO DE SAO JOSE DE PIRANHAS,318,SONDA NASOGÁSTRICA LONGA Nº 08,SONDA
0892405200016620261,MUNICIPIO DE SAO JOSE DE PIRANHAS,319,SONDA NASOGÁSTRICA LONGA Nº 10,SONDA
0892405200016620261,MUNICIPIO DE SAO JOSE DE PIRANHAS,320,SONDA NASOGÁSTRICA LONGA Nº 12,SONDA
0892405200016620261,MUNICIPIO DE SAO JOSE DE PIRANHAS,321,SONDA NASOGÁSTRICA LONGA Nº 14,SONDA
0892405200016620261,MUNICIPIO DE SAO JOSE DE PIRANHAS,322,SONDA NASOGÁSTRICA LONGA Nº 16,SONDA
0892405200016620261,MUNICIPIO DE SAO JOSE DE PIRANHAS,323,SONDA NASOGÁSTRICA LONGA Nº 18,SONDA
0892405200016620261,MUNICIPIO DE SAO JOSE DE PIRANHAS,324,SONDA URETRAL Nº 06,SONDA
0892405200016620261,MUNICIPIO DE SAO JOSE DE PIRANHAS,325,SONDA URETRAL Nº 08,SONDA
0892405200016620261,MUNICIPIO DE SAO JOSE DE PIRANHAS,326,SONDA URETRAL Nº 10,SONDA
0892405200016620261,MUNICIPIO DE SAO JOSE DE PIRANHAS,327,SONDA URETRAL Nº 12,SONDA
0892405200016620261,MUNICIPIO DE SAO JOSE DE PIRANHAS,328,SONDA URETRAL Nº 16,SONDA
0892405200016620261,MUNICIPIO DE SAO JOSE DE PIRANHAS,329,SONDA URETRAL Nº 18,SONDA
0892405200016620261,MUNICIPIO DE SAO JOSE DE PIRANHAS,330,SONDA URETRAL Nº 20,SONDA
0892405200016620261,MUNICIPIO DE SAO JOSE DE PIRANHAS,331,SORO FISIOLÓGICO 1000ML,SORO
0892405200016620261,MUNICIPIO DE SAO JOSE DE PIRANHAS,332,SORO FISIOLÓGICO 250ML,SORO
0892405200016620261,MUNICIPIO DE SAO JOSE DE PIRANHAS,333,SORO GLICOFISIOLÓGICO 250ML,SORO
0892405200016620261,MUNICIPIO DE SAO JOSE DE PIRANHAS,334,SORO GLICOFISIOLÓGICO 500ML,SORO
0892405200016620261,MUNICIPIO DE SAO JOSE DE PIRANHAS,335,SORO GLICOSADO 100ML,SORO
0892405200016620261,MUNICIPIO DE SAO JOSE DE PIRANHAS,336,SORO GLICOSADO 250ML,SORO
0892405200016620261,MUNICIPIO DE SAO JOSE DE PIRANHAS,337,SORO GLICOSADO 500ML,SORO
0892405200016620261,MUNICIPIO DE SAO JOSE DE PIRANHAS,338,SORO RINGER COM LACTATO 500ML,SORO
0892405200016620261,MUNICIPIO DE SAO JOSE DE PIRANHAS,339,SUPORTE PARA SORO,SUPORTE | SORO
0892405200016620261,MUNICIPIO DE SAO JOSE DE PIRANHAS,350,"TOUCA, DESCARTÁVEL, POLIPROPILENO, BRANCA, TAMANHO ÚNICO C/ ELÁSTICO PACOTES C/100",TOUCA
0892405200016620261,MUNICIPIO DE SAO JOSE DE PIRANHAS,351,TUBO ENDOTRAQUEAL COM BALÃO Nº 3.0,TUBO
0892405200016620261,MUNICIPIO DE SAO JOSE DE PIRANHAS,352,TUBO ENDOTRAQUEAL COM BALÃO Nº 3.5,TUBO
0892405200016620261,MUNICIPIO DE SAO JOSE DE PIRANHAS,353,TUBO ENDOTRAQUEAL COM BALÃO Nº 4.5,TUBO
0892405200016620261,MUNICIPIO DE SAO JOSE DE PIRANHAS,354,"TUBO ENDOTRAQUEAL COM BALÃO Nº 6,0",TUBO
0892405200016620261,MUNICIPIO DE SAO JOSE DE PIRANHAS,355,TUBO ENDOTRAQUEAL COM BALÃO Nº 7.0,TUBO
0892405200016620261,MUNICIPIO DE SAO JOSE DE PIRANHAS,356,TUBO ENDOTRAQUEAL COM BALÃO Nº 7.5,TUBO
0892405200016620261,MUNICIPIO DE SAO JOSE DE PIRANHAS,357,"TUBO ENDOTRAQUEAL COM BALÃO Nº 8,0",TUBO
0892405200016620261,MUNICIPIO DE SAO JOSE DE PIRANHAS,358,TUBO ENDOTRAQUEAL COM BALÃO Nº 8.5,TUBO
0892405200016620261,MUNICIPIO DE SAO JOSE DE PIRANHAS,362,"CURATIVO GAZE DE RAYON EMBEBIDA EM ÓLEO 7,5X15",CURATIVO
0892405200016620261,MUNICIPIO DE SAO JOSE DE PIRANHAS,363,"DIGOXINA 0.05 MG/ML ELIXIR FRASCO 60,00 ML",DIGOXINA
0892405200016620261,MUNICIPIO DE SAO JOSE DE PIRANHAS,371,"PANCURÔNIO, BROMETO, 2MG/ML, SOL INJETÁVEL 2ML",SOL
0892405200016620261,MUNICIPIO DE SAO JOSE DE PIRANHAS,374,"ROCURÔNIO, BROMETO, 10MG/ML, SOL INJ. 5ML",SOL
0892405200016620261,MUNICIPIO DE SAO JOSE DE PIRANHAS,375,"SULFATO DE ZINCO 200 MCG/ML SOLUÇÃO INJETÁVEL AMPOLA 5,00 ML",SULFATO
0892405200016620261,MUNICIPIO DE SAO JOSE DE PIRANHAS,380,BOMBA PARA INFUSÃO DE MEDICAMENTOS POR SERINGA COM TAXA DE INFUSÃO 1 ML/H,SERINGA
0892405200016620261,MUNICIPIO DE SAO JOSE DE PIRANHAS,390,EQUIPO UNIVERSAL PARA BOMBA DE INFUSÃO,EQUIPO
0892405200016620261,MUNICIPIO DE SAO JOSE DE PIRANHAS,391,"EQUIPO UNIVERSAL PARA BOMBA DE INFUSÃO FOTOSSENSIVEL, COM PONTA PERFURO CORTANTE COM PROTETOR E RESPIRO LATERAL, COM CÂMARA DE GOTEJAMENTO FLEXÍVEL, COM FILTRO DE AR E FILTRO DE PARTÍCULAS, CONECTOR EM Y ISENTO DE LÁTEX, PINÇA ROLETE, TUBO PVC DE 2,3 M, CONEXÃO LUER LOCK COM TAMPA",FILTRO | TUBO | EQUIPO
0892405200016620261,MUNICIPIO DE SAO JOSE DE PIRANHAS,411,SERINGA 1 ML GRADUADA (ESCALA UI) SEM AGULHA,AGULHA | SERINGA
0892405200016620261,MUNICIPIO DE SAO JOSE DE PIRANHAS,412,"SONDA DE GASTROSTOMIA COM BALÃO EM SILICONE, 3 VIAS, Nº 12",SONDA
0892405200016620261,MUNICIPIO DE SAO JOSE DE PIRANHAS,416,VASELINA LIQUIDA 1LITRO,VASELINA
0892405200016620261,MUNICIPIO DE SAO JOSE DE PIRANHAS,417,CATETER NASAL PARA OXIGÊNCIO INFANTIL TIPO ÓCULOS,CATETER
0892405200016620261,MUNICIPIO DE SAO JOSE DE PIRANHAS,418,DETERGENTE ENZIMÁTICO 3 ENZIMAS FRASCO 1 LITRO,DETERGENTE
0892405200016620261,MUNICIPIO DE SAO JOSE DE PIRANHAS,419,DETERGENTE ENZIMÁTICO 4 ENZIMAS FRASCO 1 LITRO,DETERGENTE
0892405200016620261,MUNICIPIO DE SAO JOSE DE PIRANHAS,420,DETERGENTE ENZIMÁTICO 5 ENZIMAS FRASCO 1 LITRO,DETERGENTE
0892405200016620261,MUNICIPIO DE SAO JOSE DE PIRANHAS,421,FRALDA TENA PANTS CONFORT G/EG,FRALDA
0892405200016620261,MUNICIPIO DE SAO JOSE DE PIRANHAS,427,MASCARA DE ALTA CONCENTRAÇÃO COM RESERVATÓRIO INFANTIL,MASCARA
0892405200016620261,MUNICIPIO DE SAO JOSE DE PIRANHAS,434,"KIT EPAP (BOCAL, MÁSCARA, TUBO T COM VÁLVULA UNIDIRECIONAL, CONECTOR ADAPTADOR PARA VÁLVULA, VÁLVULA DE PEEP AJUSTÁVEL, FIXADOR CEFÁLICO EM SILICONE, CLIPE NASAL",TUBO
0892405200016620261,MUNICIPIO DE SAO JOSE DE PIRANHAS,447,DESINFETANTE GERMI RIO 1 % FRASCO 1 LITRO,DESINFETANTE
0892405200016620261,MUNICIPIO DE SAO JOSE DE PIRANHAS,448,"AGULHA 25X0,55 DESCARTAVEL",AGULHA
0892405200016620261,MUNICIPIO DE SAO JOSE DE PIRANHAS,452,CATETER NASAL TIPO ÓCULOS INFANTIL,CATETER
0892405200016620261,MUNICIPIO DE SAO JOSE DE PIRANHAS,457,CATETER ACESSO VENOSO CENTRAL DUPLO LUMEN 7FX20CM,CATETER
0892405200016620261,MUNICIPIO DE SAO JOSE DE PIRANHAS,458,CEFTRIAXONA 1G FRASCO-AMPOLA INTRAMUSCULAR (COTA ME/EPP),CEFTRIAXONA
0892405200016620261,MUNICIPIO DE SAO JOSE DE PIRANHAS,459,CEFTRIAXONA 1G FRASCO-AMPOLA ENDOVENOSO (COTA ME/EPP),CEFTRIAXONA
0892405200016620261,MUNICIPIO DE SAO JOSE DE PIRANHAS,460,CEFTRIAXONA 500 MG FRASCO-AMPOLA INTRAMUSCULAR (COTA ME/EPP),CEFTRIAXONA
0892405200016620261,MUNICIPIO DE SAO JOSE DE PIRANHAS,461,CEFTRIAXONA 500MG FRASCO-AMPOLA ENDOVENOSO (COTA ME/EPP),CEFTRIAXONA
0892405200016620261,MUNICIPIO DE SAO JOSE DE PIRANHAS,465,BOLSA COLOSTOMIA DREN.TRANS.19/64MM (COTA ME/EPP),COLOSTOMIA
0892405200016620261,MUNICIPIO DE SAO JOSE DE PIRANHAS,466,"COLETOR MATERIAL PÉRFURO-CORTANTE, PAPELÃO, 20 L (COTA ME/EPP)",COLETOR
0892405200016620261,MUNICIPIO DE SAO JOSE DE PIRANHAS,468,MASCARA CIRURGICA TRIPLA DESCARTAVEL CAIXA COM 50 UND (COTA ME/EPP),MASCARA
0892405200016620261,MUNICIPIO DE SAO JOSE DE PIRANHAS,469,SORO FISIOLÓGICO 250ML (COTA ME/EPP),SORO
0892405200016620261,MUNICIPIO DE SAO JOSE DE PIRANHAS,470,SORO RINGER COM LACTATO 500ML (COTA ME/EPP),SORO
